CleanedJuryData.csv,judge,type,code,jcp,age,gender,edu,,NOTES,,
32,PCD,civil,J,NCP,68,F,18,,,,
32,PCD,civil,J,NCP,63,F,14,,code,J,Juror or alternate
32,PCD,civil,J,NCP,55,F,12,,,PP,Prosecution challenge
32,PCD,civil,PP,NCP,41,M,17,,,PD,Defense challenge
32,PCD,civil,PP,NCP,51,F,12,,,PPPD,Challenged by both
32,PCD,civil,J,NCP,62,F,12,,,CP,Excused by judge
32,PCD,civil,J,NCP,54,F,13,,,NI,Not interviewed (e.g. not elegible for CP)
32,PCD,civil,CP,CP,27,M,22,,,,
32,PCD,civil,J,NCP,53,F,16,,jcp,NCP,Not excused by judge (but interviewed)
32,PCD,civil,J,NCP,67,F,20,,,CP,Excused by judge
32,PCD,civil,PP,NCP,46,F,12,,,NI,Not interviewed
32,PCD,civil,J,NCP,29,F,19,,,,
32,PCD,civil,PD,NCP,41,F,22,,,,
32,PCD,civil,J,NCP,43,F,16,,,,
32,PCD,civil,PD,NCP,42,M,12,,,,
32,PCD,civil,PP,NCP,29,M,16,,,,
32,PCD,civil,J,NCP,43,F,14,,,,
32,PCD,civil,PPPD,NCP,39,M,16,,,,
32,PCD,civil,J,NCP,52,F,16,,,,
32,PCD,civil,J,NCP,37,M,16,,,,
32,PCD,civil,J,NCP,59,M,18,,,,
32,PCD,civil,CP,CP,50,M,17,,,,
32,PCD,civil,CP,CP,24,M,18,,,,
32,PCD,civil,PD,NCP,49,M,13,,,,
32,PCD,civil,PD,NCP,45,M,18,,,,
32,PCD,civil,J,NCP,41,M,22,,,,
32,PCD,civil,NI,NI,36,F,13,,,,
32,PCD,civil,NI,NI,52,F,19,,,,
32,PCD,civil,NI,NI,76,F,10,,,,
32,PCD,civil,NI,NI,45,M,14,,,,
32,PCD,civil,NI,NI,54,F,20,,,,
32,PCD,civil,NI,NI,56,M,14,,,,
32,PCD,civil,NI,NI,53,M,13,,,,
32,PCD,civil,NI,NI,57,F,16,,,,
32,PCD,civil,NI,NI,25,M,17,,,,
32,PCD,civil,NI,NI,64,M,15,,,,
32,PCD,civil,NI,NI,26,M,16,,,,
32,PCD,civil,NI,NI,32,M,18,,,,
32,PCD,civil,NI,NI,23,F,14,,,,
32,PCD,civil,NI,NI,35,M,14,,,,
32,PCD,civil,NI,NI,49,M,12,,,,
32,PCD,civil,NI,NI,28,M,12,,,,
32,PCD,civil,NI,NI,25,M,12,,,,
32,PCD,civil,NI,NI,61,M,14,,,,
32,PCD,civil,NI,NI,68,F,11,,,,
32,PCD,civil,NI,NI,65,M,19,,,,
32,PCD,civil,NI,NI,55,M,15,,,,
32,PCD,civil,NI,NI,42,M,22,,,,
32,PCD,civil,NI,NI,48,M,16,,,,
32,PCD,civil,NI,NI,62,M,15,,,,
32,PCD,civil,NI,NI,56,M,12,,,,
32,PCD,civil,NI,NI,61,M,15,,,,
32,PCD,civil,NI,NI,43,M,16,,,,
32,PCD,civil,NI,NI,46,F,14,,,,
32,PCD,civil,NI,NI,59,M,17,,,,
32,PCD,civil,NI,NI,35,M,13,,,,
32,PCD,civil,NI,NI,50,M,16,,,,
32,PCD,civil,NI,NI,53,M,16,,,,
32,PCD,civil,NI,NI,72,M,22,,,,
32,PCD,civil,NI,NI,55,M,12,,,,
32,PCD,civil,NI,NI,61,F,12,,,,
32,PCD,civil,NI,NI,31,M,12,,,,
32,PCD,civil,NI,NI,65,M,13,,,,
32,PCD,civil,NI,NI,22,M,16,,,,
32,PCD,civil,NI,NI,21,M,13,,,,
32,PCD,civil,NI,NI,53,M,18,,,,
32,PCD,civil,NI,NI,34,F,14,,,,
32,PCD,civil,NI,NI,59,F,12,,,,
32,PCD,civil,NI,NI,34,F,18,,,,
32,PCD,civil,NI,NI,24,M,15,,,,
32,PCD,civil,NI,NI,40,F,12,,,,
32,PCD,civil,NI,NI,59,M,22,,,,
32,PCD,civil,NI,NI,55,F,16,,,,
32,PCD,civil,NI,NI,51,M,22,,,,
32,PCD,civil,NI,NI,32,F,16,,,,
32,PCD,civil,NI,NI,41,F,16,,,,
32,PCD,civil,NI,NI,46,F,12,,,,
32,PCD,civil,NI,NI,23,M,14,,,,
3,CFD,criminal,PD,NCP,24,F,14,,,,
3,CFD,criminal,CP,CP,44,F,13,,,,
3,CFD,criminal,PP,NCP,38,F,13,,,,
3,CFD,criminal,J,NCP,46,M,16,,,,
3,CFD,criminal,J,NCP,51,M,12,,,,
3,CFD,criminal,J,NCP,33,F,12,,,,
3,CFD,criminal,CP,CP,31,M,15,,,,
3,CFD,criminal,PD,NCP,40,F,16,,,,
3,CFD,criminal,PD,NCP,57,F,13,,,,
3,CFD,criminal,PD,NCP,44,F,13,,,,
3,CFD,criminal,J,NCP,36,F,16,,,,
3,CFD,criminal,PP,NCP,49,F,12,,,,
3,CFD,criminal,CP,CP,27,M,13,,,,
3,CFD,criminal,CP,CP,30,F,18,,,,
3,CFD,criminal,J,NCP,39,M,13,,,,
3,CFD,criminal,J,NCP,42,F,12,,,,
3,CFD,criminal,PD,NCP,39,M,16,,,,
3,CFD,criminal,PD,NCP,37,M,16,,,,
3,CFD,criminal,J,NCP,49,F,15,,,,
3,CFD,criminal,PD,NCP,41,F,16,,,,
3,CFD,criminal,CP,CP,22,F,16,,,,
3,CFD,criminal,PP,NCP,47,F,16,,,,
3,CFD,criminal,J,NCP,24,F,18,,,,
3,CFD,criminal,PD,NCP,41,F,12,,,,
3,CFD,criminal,PP,NCP,43,F,16,,,,
3,CFD,criminal,PD,NCP,49,M,16,,,,
3,CFD,criminal,CP,CP,47,F,12,,,,
3,CFD,criminal,CP,CP,30,F,16,,,,
3,CFD,criminal,J,NCP,38,M,12,,,,
3,CFD,criminal,PP,NCP,36,M,18,,,,
3,CFD,criminal,CP,CP,72,M,8,,,,
3,CFD,criminal,J,NCP,51,F,13,,,,
3,CFD,criminal,J,NCP,52,F,16,,,,
3,CFD,criminal,CP,CP,40,M,19,,,,
3,CFD,criminal,J,NCP,49,F,13,,,,
3,CFD,criminal,J,NCP,62,F,17,,,,
3,CFD,criminal,J,NCP,23,M,13,,,,
3,CFD,criminal,J,NCP,50,M,15,,,,
3,CFD,criminal,J,NCP,55,F,12,,,,
3,CFD,criminal,CP,CP,39,F,16,,,,
3,CFD,criminal,J,NCP,37,M,16,,,,
3,CFD,criminal,J,NCP,50,M,13,,,,
3,CFD,criminal,J,NCP,54,M,15,,,,
3,CFD,criminal,J,NCP,35,F,20,,,,
3,CFD,criminal,NI,NI,28,F,16,,,,
3,CFD,criminal,NI,NI,25,F,19,,,,
3,CFD,criminal,NI,NI,57,F,22,,,,
3,CFD,criminal,NI,NI,60,M,16,,,,
3,CFD,criminal,NI,NI,60,M,12,,,,
3,CFD,criminal,NI,NI,65,M,13,,,,
3,CFD,criminal,NI,NI,48,M,12,,,,
3,CFD,criminal,NI,NI,44,F,16,,,,
3,CFD,criminal,NI,NI,38,F,15,,,,
3,CFD,criminal,NI,NI,52,F,16,,,,
3,CFD,criminal,NI,NI,51,M,16,,,,
3,CFD,criminal,NI,NI,58,F,12,,,,
3,CFD,criminal,NI,NI,51,M,12,,,,
3,CFD,criminal,NI,NI,40,M,19,,,,
3,CFD,criminal,NI,NI,36,F,13,,,,
3,CFD,criminal,NI,NI,49,M,12,,,,
3,CFD,criminal,NI,NI,57,M,14,,,,
3,CFD,criminal,NI,NI,29,M,12,,,,
3,CFD,criminal,NI,NI,23,M,14,,,,
3,CFD,criminal,NI,NI,39,F,13,,,,
3,CFD,criminal,NI,NI,42,F,14,,,,
3,CFD,criminal,NI,NI,56,F,22,,,,
3,CFD,criminal,NI,NI,25,F,15,,,,
3,CFD,criminal,NI,NI,25,M,16,,,,
34,PCD,civil,CP,CP,61,F,13,,,,
34,PCD,civil,J,NCP,62,F,12,,,,
34,PCD,civil,J,NCP,41,M,19,,,,
34,PCD,civil,J,NCP,53,F,14,,,,
34,PCD,civil,J,NCP,38,M,16,,,,
34,PCD,civil,J,NCP,55,F,12,,,,
34,PCD,civil,J,NCP,54,F,14,,,,
34,PCD,civil,PP,NCP,36,M,14,,,,
34,PCD,civil,PP,NCP,61,F,12,,,,
34,PCD,civil,CP,CP,56,F,20,,,,
34,PCD,civil,PP,NCP,51,F,14,,,,
34,PCD,civil,J,NCP,53,F,13,,,,
34,PCD,civil,CP,CP,46,F,13,,,,
34,PCD,civil,CP,CP,66,F,16,,,,
34,PCD,civil,CP,CP,61,M,16,,,,
34,PCD,civil,J,NCP,60,M,16,,,,
34,PCD,civil,J,NCP,24,F,16,,,,
34,PCD,civil,J,NCP,26,F,12,,,,
34,PCD,civil,J,NCP,52,M,20,,,,
34,PCD,civil,CP,CP,40,M,16,,,,
34,PCD,civil,PD,NCP,41,F,16,,,,
34,PCD,civil,CP,CP,29,F,15,,,,
34,PCD,civil,J,NCP,43,F,17,,,,
34,PCD,civil,J,NCP,46,M,12,,,,
34,PCD,civil,J,NCP,50,F,13,,,,
34,PCD,civil,J,NCP,51,M,20,,,,
34,PCD,civil,J,NCP,47,M,16,,,,
34,PCD,civil,J,NCP,33,M,13,,,,
34,PCD,civil,J,NCP,50,M,17,,,,
34,PCD,civil,J,NCP,47,M,12,,,,
34,PCD,civil,J,NCP,69,M,14,,,,
34,PCD,civil,J,NCP,53,F,14,,,,
34,PCD,civil,J,NCP,29,F,14,,,,
34,PCD,civil,J,NCP,52,F,17,,,,
34,PCD,civil,J,NCP,53,M,12,,,,
34,PCD,civil,J,NCP,57,F,16,,,,
34,PCD,civil,J,NCP,56,M,12,,,,
34,PCD,civil,CP,CP,70,F,22,,,,
34,PCD,civil,J,NCP,36,M,22,,,,
34,PCD,civil,J,NCP,52,F,18,,,,
34,PCD,civil,J,NCP,60,M,11,,,,
34,PCD,civil,J,NCP,52,M,16,,,,
34,PCD,civil,J,NCP,37,F,14,,,,
34,PCD,civil,J,NCP,61,M,10,,,,
34,PCD,civil,J,NCP,28,F,14,,,,
34,PCD,civil,J,NCP,61,M,16,,,,
34,PCD,civil,CP,CP,47,M,12,,,,
34,PCD,civil,J,NCP,45,M,16,,,,
34,PCD,civil,J,NCP,47,F,12,,,,
34,PCD,civil,CP,CP,32,F,16,,,,
34,PCD,civil,PD,NCP,52,F,13,,,,
34,PCD,civil,J,NCP,71,M,22,,,,
34,PCD,civil,J,NCP,50,F,16,,,,
34,PCD,civil,J,NCP,49,M,12,,,,
34,PCD,civil,J,NCP,64,F,12,,,,
34,PCD,civil,CP,CP,48,M,18,,,,
34,PCD,civil,CP,CP,39,M,18,,,,
34,PCD,civil,PD,NCP,46,F,12,,,,
34,PCD,civil,J,NCP,58,F,13,,,,
34,PCD,civil,J,NCP,22,F,16,,,,
35,PCD,civil,J,NCP,44,F,16,,,,
35,PCD,civil,PP,NCP,70,M,14,,,,
35,PCD,civil,PD,NCP,45,M,14,,,,
35,PCD,civil,CP,CP,37,F,14,,,,
35,PCD,civil,CP,CP,22,M,16,,,,
35,PCD,civil,CP,CP,28,M,16,,,,
35,PCD,civil,J,NCP,45,M,12,,,,
35,PCD,civil,PPPD,NCP,32,M,15,,,,
35,PCD,civil,CP,CP,62,M,16,,,,
35,PCD,civil,PP,NCP,37,M,13,,,,
35,PCD,civil,J,NCP,45,F,13,,,,
35,PCD,civil,J,NCP,58,F,12,,,,
35,PCD,civil,J,NCP,55,F,14,,,,
35,PCD,civil,PP,NCP,51,M,16,,,,
35,PCD,civil,CP,CP,34,F,14,,,,
35,PCD,civil,J,NCP,38,M,18,,,,
35,PCD,civil,CP,CP,45,F,12,,,,
35,PCD,civil,J,NCP,51,F,18,,,,
35,PCD,civil,J,NCP,44,F,12,,,,
35,PCD,civil,PPPD,NCP,69,F,16,,,,
35,PCD,civil,CP,CP,39,F,15,,,,
35,PCD,civil,CP,CP,27,M,16,,,,
35,PCD,civil,J,NCP,56,F,16,,,,
35,PCD,civil,PD,NCP,41,M,14,,,,
35,PCD,civil,NCP,NCP,26,F,19,,,,
35,PCD,civil,NCP,NCP,46,F,14,,,,
35,PCD,civil,NCP,NCP,28,M,13,,,,
35,PCD,civil,NCP,NCP,48,M,16,,,,
35,PCD,civil,CP,CP,44,M,18,,,,
35,PCD,civil,NCP,NCP,54,F,12,,,,
35,PCD,civil,CP,CP,66,M,12,,,,
35,PCD,civil,NCP,NCP,59,M,18,,,,
35,PCD,civil,NCP,NCP,40,M,14,,,,
35,PCD,civil,NCP,NCP,46,F,14,,,,
35,PCD,civil,NCP,NCP,64,F,18,,,,
35,PCD,civil,CP,CP,63,M,20,,,,
35,PCD,civil,NCP,NCP,41,F,22,,,,
35,PCD,civil,NCP,NCP,51,M,13,,,,
35,PCD,civil,NCP,NCP,48,F,12,,,,
35,PCD,civil,NCP,NCP,63,F,12,,,,
35,PCD,civil,NCP,NCP,43,M,19,,,,
35,PCD,civil,CP,CP,52,F,14,,,,
35,PCD,civil,NCP,NCP,29,F,16,,,,
35,PCD,civil,CP,CP,59,M,19,,,,
35,PCD,civil,CP,CP,40,F,18,,,,
35,PCD,civil,NCP,NCP,45,F,14,,,,
35,PCD,civil,NCP,NCP,38,F,15,,,,
35,PCD,civil,NCP,NCP,44,F,16,,,,
35,PCD,civil,NCP,NCP,43,F,16,,,,
35,PCD,civil,NCP,NCP,58,M,15,,,,
35,PCD,civil,NCP,NCP,64,F,18,,,,
35,PCD,civil,NCP,NCP,24,M,16,,,,
35,PCD,civil,NCP,NCP,58,F,16,,,,
35,PCD,civil,NCP,NCP,32,M,16,,,,
35,PCD,civil,NCP,NCP,45,F,13,,,,
35,PCD,civil,NCP,NCP,51,F,16,,,,
35,PCD,civil,NCP,NCP,37,M,20,,,,
35,PCD,civil,CP,CP,54,F,22,,,,
36,EBB,civil,NCP,NCP,42,M,18,,,,
36,EBB,civil,NCP,NCP,52,F,13,,,,
36,EBB,civil,NCP,NCP,48,F,13,,,,
36,EBB,civil,CP,CP,40,M,14,,,,
36,EBB,civil,NCP,NCP,46,F,12,,,,
36,EBB,civil,NCP,NCP,62,M,16,,,,
36,EBB,civil,CP,CP,60,M,14,,,,
36,EBB,civil,CP,CP,35,F,15,,,,
36,EBB,civil,NCP,NCP,29,M,12,,,,
36,EBB,civil,NCP,NCP,25,M,14,,,,
36,EBB,civil,NCP,NCP,37,M,15,,,,
36,EBB,civil,NCP,NCP,38,M,16,,,,
36,EBB,civil,NCP,NCP,45,M,22,,,,
36,EBB,civil,CP,CP,71,M,12,,,,
36,EBB,civil,NCP,NCP,58,F,11,,,,
36,EBB,civil,NCP,NCP,24,M,16,,,,
36,EBB,civil,NCP,NCP,58,F,16,,,,
36,EBB,civil,NCP,NCP,58,F,16,,,,
36,EBB,civil,NCP,NCP,41,M,17,,,,
36,EBB,civil,PP,NCP,53,M,16,,,,
36,EBB,civil,CP,CP,73,M,20,,,,
36,EBB,civil,CP,CP,41,F,22,,,,
36,EBB,civil,NCP,NCP,48,F,14,,,,
36,EBB,civil,NCP,NCP,49,F,16,,,,
36,EBB,civil,NCP,NCP,50,F,12,,,,
36,EBB,civil,NCP,NCP,59,F,19,,,,
36,EBB,civil,NCP,NCP,47,M,17,,,,
36,EBB,civil,CP,CP,49,M,22,,,,
36,EBB,civil,J,NCP,40,M,12,,,,
36,EBB,civil,PP,NCP,39,M,19,,,,
36,EBB,civil,J,NCP,40,M,14,,,,
36,EBB,civil,CP,CP,29,F,22,,,,
36,EBB,civil,PD,NCP,42,M,17,,,,
36,EBB,civil,PP,NCP,34,F,16,,,,
36,EBB,civil,J,NCP,55,M,21,,,,
36,EBB,civil,J,NCP,47,M,14,,,,
36,EBB,civil,J,NCP,58,F,12,,,,
36,EBB,civil,CP,CP,58,F,22,,,,
36,EBB,civil,CP,CP,61,F,11,,,,
36,EBB,civil,CP,CP,21,M,13,,,,
36,EBB,civil,CP,CP,62,F,18,,,,
36,EBB,civil,J,NCP,32,M,13,,,,
36,EBB,civil,J,NCP,39,F,12,,,,
36,EBB,civil,CP,CP,47,F,16,,,,
36,EBB,civil,CP,CP,44,F,14,,,,
36,EBB,civil,CP,CP,48,F,19,,,,
36,EBB,civil,J,NCP,48,M,18,,,,
36,EBB,civil,CP,CP,41,F,12,,,,
36,EBB,civil,PD,NCP,23,F,14,,,,
36,EBB,civil,CP,CP,46,M,13,,,,
36,EBB,civil,CP,CP,26,F,16,,,,
36,EBB,civil,CP,CP,35,F,12,,,,
36,EBB,civil,PD,NCP,59,M,12,,,,
37,PCD,civil,J,NCP,40,F,16,,,,
37,PCD,civil,PP,NCP,61,M,14,,,,
37,PCD,civil,CP,CP,44,F,15,,,,
37,PCD,civil,J,NCP,34,M,17,,,,
37,PCD,civil,PPPD,NCP,34,M,18,,,,
37,PCD,civil,PD,NCP,53,M,18,,,,
37,PCD,civil,J,NCP,38,M,12,,,,
37,PCD,civil,J,NCP,65,M,12,,,,
37,PCD,civil,CP,CP,32,F,16,,,,
37,PCD,civil,J,NCP,62,M,16,,,,
37,PCD,civil,CP,CP,53,F,9,,,,
37,PCD,civil,PP,NCP,62,M,12,,,,
37,PCD,civil,J,NCP,31,M,22,,,,
37,PCD,civil,CP,CP,45,F,14,,,,
37,PCD,civil,CP,CP,42,M,12,,,,
37,PCD,civil,CP,CP,32,M,14,,,,
37,PCD,civil,PP,NCP,59,M,12,,,,
37,PCD,civil,CP,CP,38,M,11,,,,
37,PCD,civil,PD,NCP,50,F,13,,,,
37,PCD,civil,CP,CP,28,M,14,,,,
37,PCD,civil,J,NCP,46,M,13,,,,
37,PCD,civil,J,NCP,52,M,16,,,,
37,PCD,civil,CP,CP,62,F,10,,,,
37,PCD,civil,PD,NCP,58,F,16,,,,
37,PCD,civil,CP,CP,52,M,12,,,,
37,PCD,civil,CP,CP,22,M,16,,,,
37,PCD,civil,CP,CP,51,F,13,,,,
37,PCD,civil,J,NCP,45,M,11,,,,
37,PCD,civil,CP,CP,53,M,16,,,,
37,PCD,civil,NCP,NCP,42,M,16,,,,
37,PCD,civil,NCP,NCP,61,F,20,,,,
37,PCD,civil,NCP,NCP,30,F,22,,,,
37,PCD,civil,CP,CP,40,F,17,,,,
37,PCD,civil,NCP,NCP,38,M,15,,,,
37,PCD,civil,NCP,NCP,63,F,12,,,,
37,PCD,civil,NCP,NCP,28,F,12,,,,
37,PCD,civil,NCP,NCP,62,F,15,,,,
37,PCD,civil,NCP,NCP,65,M,16,,,,
37,PCD,civil,NCP,NCP,50,F,14,,,,
37,PCD,civil,NCP,NCP,59,M,15,,,,
37,PCD,civil,NCP,NCP,39,F,13,,,,
37,PCD,civil,NCP,NCP,31,F,18,,,,
37,PCD,civil,NCP,NCP,46,F,15,,,,
37,PCD,civil,NCP,NCP,45,F,13,,,,
37,PCD,civil,NCP,NCP,58,F,14,,,,
37,PCD,civil,NCP,NCP,39,M,17,,,,
37,PCD,civil,NCP,NCP,47,F,12,,,,
37,PCD,civil,NCP,NCP,52,M,14,,,,
37,PCD,civil,NCP,NCP,41,M,12,,,,
37,PCD,civil,NCP,NCP,38,F,12,,,,
37,PCD,civil,NCP,NCP,56,M,14,,,,
37,PCD,civil,NCP,NCP,55,F,12,,,,
37,PCD,civil,NCP,NCP,57,F,13,,,,
37,PCD,civil,NCP,NCP,51,F,17,,,,
37,PCD,civil,NCP,NCP,35,M,21,,,,
37,PCD,civil,NCP,NCP,30,F,16,,,,
37,PCD,civil,NCP,NCP,52,M,15,,,,
37,PCD,civil,NCP,NCP,41,M,12,,,,
37,PCD,civil,NCP,NCP,23,M,16,,,,
37,PCD,civil,NCP,NCP,46,M,13,,,,
37,PCD,civil,NCP,NCP,41,M,16,,,,
37,PCD,civil,NCP,NCP,52,F,14,,,,
37,PCD,civil,NCP,NCP,50,M,22,,,,
37,PCD,civil,NCP,NCP,26,M,17,,,,
37,PCD,civil,NCP,NCP,35,F,17,,,,
37,PCD,civil,NCP,NCP,57,F,12,,,,
37,PCD,civil,NCP,NCP,37,M,14,,,,
37,PCD,civil,NCP,NCP,46,F,16,,,,
37,PCD,civil,NCP,NCP,48,F,17,,,,
38,SRU,civil,PP,NCP,55,M,20,,,,
38,SRU,civil,PP,NCP,39,M,16,,,,
38,SRU,civil,CP,CP,46,F,18,,,,
38,SRU,civil,CP,CP,22,M,13,,,,
38,SRU,civil,PD,NCP,47,F,15,,,,
38,SRU,civil,PP,NCP,58,F,12,,,,
38,SRU,civil,CP,CP,57,M,17,,,,
38,SRU,civil,J,NCP,33,F,16,,,,
38,SRU,civil,J,NCP,60,M,12,,,,
38,SRU,civil,PP,NCP,40,M,14,,,,
38,SRU,civil,J,NCP,40,M,22,,,,
38,SRU,civil,PD,NCP,21,F,13,,,,
38,SRU,civil,J,NCP,48,F,22,,,,
38,SRU,civil,PD,NCP,49,M,18,,,,
38,SRU,civil,J,NCP,61,F,16,,,,
38,SRU,civil,CP,CP,44,F,21,,,,
38,SRU,civil,J,NCP,36,M,10,,,,
38,SRU,civil,J,NCP,51,M,19,,,,
38,SRU,civil,CP,CP,60,M,22,,,,
38,SRU,civil,J,NCP,57,M,16,,,,
38,SRU,civil,CP,CP,53,M,12,,,,
38,SRU,civil,CP,CP,38,M,16,,,,
38,SRU,civil,CP,CP,45,F,12,,,,
38,SRU,civil,CP,CP,48,F,18,,,,
38,SRU,civil,J,NCP,49,M,18,,,,
38,SRU,civil,CP,CP,60,F,12,,,,
38,SRU,civil,PD,NCP,40,F,12,,,,
38,SRU,civil,NI,NI,49,F,17,,,,
38,SRU,civil,NI,NI,51,F,12,,,,
38,SRU,civil,NI,NI,52,M,22,,,,
38,SRU,civil,NI,NI,50,M,17,,,,
38,SRU,civil,NI,NI,55,F,16,,,,
38,SRU,civil,NI,NI,58,F,16,,,,
38,SRU,civil,NI,NI,47,M,16,,,,
38,SRU,civil,NI,NI,46,F,14,,,,
38,SRU,civil,NI,NI,51,F,14,,,,
38,SRU,civil,NI,NI,59,M,18,,,,
38,SRU,civil,NI,NI,42,F,17,,,,
38,SRU,civil,NI,NI,30,M,11,,,,
38,SRU,civil,NI,NI,56,M,13,,,,
38,SRU,civil,NI,NI,51,F,14,,,,
38,SRU,civil,NI,NI,59,F,18,,,,
38,SRU,civil,NI,NI,75,M,19,,,,
38,SRU,civil,NI,NI,56,M,13,,,,
38,SRU,civil,NI,NI,35,M,16,,,,
38,SRU,civil,NI,NI,47,F,18,,,,
38,SRU,civil,NI,NI,43,F,16,,,,
38,SRU,civil,NI,NI,32,M,16,,,,
38,SRU,civil,NI,NI,53,F,12,,,,
38,SRU,civil,NI,NI,46,M,18,,,,
38,SRU,civil,NI,NI,58,M,24,,,,
38,SRU,civil,NI,NI,56,M,7,,,,
38,SRU,civil,NI,NI,56,M,17,,,,
38,SRU,civil,NI,NI,32,F,11,,,,
38,SRU,civil,NI,NI,27,F,18,,,,
38,SRU,civil,NI,NI,46,F,16,,,,
38,SRU,civil,NI,NI,48,F,15,,,,
38,SRU,civil,NI,NI,47,M,17,,,,
38,SRU,civil,NI,NI,67,F,16,,,,
38,SRU,civil,NI,NI,56,F,12,,,,
38,SRU,civil,NI,NI,32,M,12,,,,
38,SRU,civil,NI,NI,44,M,22,,,,
38,SRU,civil,NI,NI,45,M,15,,,,
38,SRU,civil,NI,NI,50,F,12,,,,
38,SRU,civil,NI,NI,34,M,13,,,,
38,SRU,civil,NI,NI,41,F,12,,,,
38,SRU,civil,NI,NI,43,M,10,,,,
38,SRU,civil,NI,NI,63,M,16,,,,
38,SRU,civil,NI,NI,57,F,14,,,,
38,SRU,civil,NI,NI,50,F,14,,,,
38,SRU,civil,NI,NI,37,M,15,,,,
38,SRU,civil,NI,NI,72,F,19,,,,
38,SRU,civil,NI,NI,46,M,22,,,,
38,SRU,civil,NI,NI,48,M,16,,,,
38,SRU,civil,NI,NI,54,M,16,,,,
38,SRU,civil,NI,NI,72,F,17,,,,
38,SRU,civil,NI,NI,21,M,14,,,,
38,SRU,civil,NI,NI,35,M,15,,,,
38,SRU,civil,NI,NI,40,M,14,,,,
38,SRU,civil,NI,NI,42,F,12,,,,
38,SRU,civil,NI,NI,50,M,19,,,,
38,SRU,civil,NI,NI,43,F,14,,,,
38,SRU,civil,NI,NI,42,M,16,,,,
38,SRU,civil,NI,NI,56,M,18,,,,
38,SRU,civil,NI,NI,62,F,12,,,,
38,SRU,civil,NI,NI,36,F,17,,,,
38,SRU,civil,NI,NI,35,F,18,,,,
38,SRU,civil,NI,NI,44,M,17,,,,
38,SRU,civil,NI,NI,56,F,17,,,,
10,AWT,criminal,J,NCP,42,F,12,,,,
10,AWT,criminal,CP,CP,31,F,16,,,,
10,AWT,criminal,CP,CP,44,F,13,,,,
10,AWT,criminal,CP,CP,44,M,14,,,,
10,AWT,criminal,J,NCP,37,M,18,,,,
10,AWT,criminal,CP,CP,38,F,13,,,,
10,AWT,criminal,PD,NCP,38,M,15,,,,
10,AWT,criminal,J,NCP,52,F,12,,,,
10,AWT,criminal,J,NCP,50,M,17,,,,
10,AWT,criminal,CP,CP,40,M,13,,,,
10,AWT,criminal,CP,CP,67,M,16,,,,
10,AWT,criminal,CP,CP,56,M,14,,,,
10,AWT,criminal,J,NCP,53,F,18,,,,
10,AWT,criminal,CP,CP,24,M,17,,,,
10,AWT,criminal,CP,CP,43,M,20,,,,
10,AWT,criminal,PP,NCP,60,M,14,,,,
10,AWT,criminal,PD,NCP,39,F,14,,,,
10,AWT,criminal,PP,NCP,45,M,22,,,,
10,AWT,criminal,CP,CP,50,M,16,,,,
10,AWT,criminal,CP,CP,45,M,17,,,,
10,AWT,criminal,PD,NCP,24,F,17,,,,
10,AWT,criminal,CP,CP,31,F,13,,,,
10,AWT,criminal,CP,CP,34,M,18,,,,
10,AWT,criminal,CP,CP,35,F,16,,,,
10,AWT,criminal,PP,NCP,68,F,15,,,,
10,AWT,criminal,CP,CP,27,F,14,,,,
10,AWT,criminal,PD,NCP,61,F,12,,,,
10,AWT,criminal,CP,CP,39,F,15,,,,
10,AWT,criminal,J,NCP,64,F,14,,,,
10,AWT,criminal,PD,NCP,43,M,12,,,,
10,AWT,criminal,CP,CP,30,F,13,,,,
10,AWT,criminal,CP,CP,28,F,16,,,,
10,AWT,criminal,CP,CP,59,M,10,,,,
10,AWT,criminal,CP,CP,63,M,14,,,,
10,AWT,criminal,CP,CP,70,F,12,,,,
10,AWT,criminal,J,NCP,48,F,13,,,,
10,AWT,criminal,PP,NCP,34,F,12,,,,
10,AWT,criminal,CP,CP,48,M,14,,,,
10,AWT,criminal,CP,CP,35,F,18,,,,
10,AWT,criminal,CP,CP,45,F,13,,,,
10,AWT,criminal,J,NCP,49,F,12,,,,
10,AWT,criminal,CP,CP,60,F,16,,,,
10,AWT,criminal,PD,NCP,47,F,12,,,,
10,AWT,criminal,CP,CP,57,F,19,,,,
10,AWT,criminal,CP,CP,45,F,19,,,,
10,AWT,criminal,J,NCP,60,M,22,,,,
10,AWT,criminal,J,NCP,34,F,14,,,,
10,AWT,criminal,CP,CP,38,M,12,,,,
10,AWT,criminal,CP,CP,43,M,19,,,,
10,AWT,criminal,CP,CP,40,M,16,,,,
10,AWT,criminal,PP,NCP,39,M,20,,,,
10,AWT,criminal,PP,NCP,45,F,20,,,,
10,AWT,criminal,CP,CP,52,F,13,,,,
10,AWT,criminal,CP,CP,55,M,12,,,,
10,AWT,criminal,PD,NCP,53,M,16,,,,
10,AWT,criminal,PD,NCP,35,M,17,,,,
10,AWT,criminal,PP,NCP,40,F,22,,,,
10,AWT,criminal,CP,CP,25,M,12,,,,
10,AWT,criminal,CP,CP,49,M,10,,,,
10,AWT,criminal,CP,CP,52,F,16,,,,
10,AWT,criminal,J,NCP,44,F,16,,,,
10,AWT,criminal,J,NCP,52,M,18,,,,
10,AWT,criminal,CP,CP,23,M,12,,,,
10,AWT,criminal,CP,CP,61,F,13,,,,
10,AWT,criminal,CP,CP,34,F,13,,,,
10,AWT,criminal,J,NCP,27,M,22,,,,
10,AWT,criminal,PD,NCP,36,M,12,,,,
10,AWT,criminal,CP,CP,40,F,16,,,,
10,AWT,criminal,CP,CP,46,M,12,,,,
10,AWT,criminal,CP,CP,66,M,12,,,,
10,AWT,criminal,CP,CP,43,F,17,,,,
10,AWT,criminal,CP,CP,29,M,13,,,,
10,AWT,criminal,CP,CP,34,M,11,,,,
10,AWT,criminal,CP,CP,35,F,18,,,,
10,AWT,criminal,PP,NCP,28,M,17,,,,
10,AWT,criminal,J,NCP,38,M,17,,,,
10,AWT,criminal,CP,CP,41,F,13,,,,
10,AWT,criminal,PD,NCP,52,M,13,,,,
10,AWT,criminal,J,NCP,39,F,18,,,,
10,AWT,criminal,CP,CP,43,M,14,,,,
10,AWT,criminal,PD,NCP,40,M,16,,,,
10,AWT,criminal,J,NCP,31,F,12,,,,
11,EBB,criminal,PD,NCP,42,M,18,,,,
11,EBB,criminal,PD,NCP,52,F,13,,,,
11,EBB,criminal,J,NCP,64,M,12,,,,
11,EBB,criminal,J,NCP,42,F,14,,,,
11,EBB,criminal,PD,NCP,48,F,13,,,,
11,EBB,criminal,J,NCP,57,M,13,,,,
11,EBB,criminal,CP,CP,40,M,14,,,,
11,EBB,criminal,PD,NCP,46,F,12,,,,
11,EBB,criminal,PD,NCP,62,M,16,,,,
11,EBB,criminal,CP,CP,60,M,14,,,,
11,EBB,criminal,J,NCP,43,M,17,,,,
11,EBB,criminal,CP,CP,35,F,15,,,,
11,EBB,criminal,J,NCP,45,F,12,,,,
11,EBB,criminal,PD,NCP,29,M,12,,,,
11,EBB,criminal,J,NCP,45,F,12,,,,
11,EBB,criminal,J,NCP,47,M,12,,,,
11,EBB,criminal,PP,NCP,25,M,14,,,,
11,EBB,criminal,PD,NCP,37,M,15,,,,
11,EBB,criminal,PP,NCP,38,M,16,,,,
11,EBB,criminal,J,NCP,53,M,14,,,,
11,EBB,criminal,PD,NCP,45,M,12,,,,
11,EBB,criminal,CP,CP,71,M,12,,,,
11,EBB,criminal,J,NCP,49,M,14,,,,
11,EBB,criminal,J,NCP,36,F,17,,,,
11,EBB,criminal,J,NCP,48,M,16,,,,
11,EBB,criminal,PP,NCP,58,F,11,,,,
11,EBB,criminal,J,NCP,57,F,12,,,,
11,EBB,criminal,PP,NCP,24,M,16,,,,
11,EBB,criminal,PD,NCP,58,F,16,,,,
11,EBB,criminal,J,NCP,55,M,16,,,,
11,EBB,criminal,PD,NCP,58,F,16,,,,
11,EBB,criminal,J,NCP,28,F,19,,,,
11,EBB,criminal,PD,NCP,41,M,17,,,,
11,EBB,criminal,CP,CP,53,M,16,,,,
11,EBB,criminal,CP,CP,73,M,20,,,,
11,EBB,criminal,CP,CP,41,F,12,,,,
11,EBB,criminal,J,NCP,48,F,14,,,,
11,EBB,criminal,J,NCP,50,M,17,,,,
11,EBB,criminal,J,NCP,49,F,16,,,,
11,EBB,criminal,J,NCP,50,F,12,,,,
11,EBB,criminal,PP,NCP,59,F,19,,,,
11,EBB,criminal,NCP,NCP,47,M,17,,,,
11,EBB,criminal,NCP,NCP,49,M,22,,,,
11,EBB,criminal,NCP,NCP,40,M,12,,,,
11,EBB,criminal,NCP,NCP,39,M,19,,,,
11,EBB,criminal,NCP,NCP,40,M,14,,,,
11,EBB,criminal,NCP,NCP,29,F,22,,,,
11,EBB,criminal,NCP,NCP,42,M,17,,,,
11,EBB,criminal,NCP,NCP,34,F,16,,,,
11,EBB,criminal,NCP,NCP,55,M,21,,,,
11,EBB,criminal,NCP,NCP,47,M,14,,,,
11,EBB,criminal,NCP,NCP,58,F,12,,,,
11,EBB,criminal,NCP,NCP,58,F,12,,,,
11,EBB,criminal,CP,CP,61,F,11,,,,
11,EBB,criminal,NCP,NCP,21,M,13,,,,
11,EBB,criminal,CP,CP,62,F,18,,,,
11,EBB,criminal,NCP,NCP,32,M,13,,,,
11,EBB,criminal,NCP,NCP,39,F,12,,,,
11,EBB,criminal,NCP,NCP,47,F,16,,,,
11,EBB,criminal,CP,CP,44,F,14,,,,
11,EBB,criminal,CP,CP,48,F,19,,,,
11,EBB,criminal,NCP,NCP,48,M,18,,,,
11,EBB,criminal,NCP,NCP,41,F,12,,,,
11,EBB,criminal,NCP,NCP,23,F,14,,,,
11,EBB,criminal,NCP,NCP,46,M,13,,,,
11,EBB,criminal,NCP,NCP,26,F,16,,,,
11,EBB,criminal,CP,CP,35,F,12,,,,
11,EBB,criminal,NCP,NCP,59,M,12,,,,
12,JBA,criminal,PP,NCP,31,M,12,,,,
12,JBA,criminal,PD,NCP,51,F,13,,,,
12,JBA,criminal,PD,NCP,40,F,16,,,,
12,JBA,criminal,PD,NCP,55,F,22,,,,
12,JBA,criminal,PD,NCP,65,M,14,,,,
12,JBA,criminal,PD,NCP,60,M,16,,,,
12,JBA,criminal,J,NCP,35,F,19,,,,
12,JBA,criminal,J,NCP,53,M,15,,,,
12,JBA,criminal,CP,CP,43,F,12,,,,
12,JBA,criminal,CP,CP,49,M,18,,,,
12,JBA,criminal,PP,NCP,56,F,18,,,,
12,JBA,criminal,CP,CP,52,M,17,,,,
12,JBA,criminal,J,NCP,39,M,14,,,,
12,JBA,criminal,J,NCP,46,M,14,,,,
12,JBA,criminal,CP,CP,64,M,22,,,,
12,JBA,criminal,PD,NCP,34,F,16,,,,
12,JBA,criminal,PP,NCP,46,M,12,,,,
12,JBA,criminal,J,NCP,25,F,14,,,,
12,JBA,criminal,J,NCP,23,F,16,,,,
12,JBA,criminal,PD,NCP,57,F,18,,,,
12,JBA,criminal,PP,NCP,26,F,14,,,,
12,JBA,criminal,J,NCP,54,M,14,,,,
12,JBA,criminal,PD,NCP,60,F,13,,,,
12,JBA,criminal,J,NCP,67,M,22,,,,
12,JBA,criminal,PP,NCP,60,F,12,,,,
12,JBA,criminal,J,NCP,57,F,12,,,,
12,JBA,criminal,PD,NCP,26,M,16,,,,
12,JBA,criminal,J,NCP,38,M,20,,,,
12,JBA,criminal,J,NCP,39,M,15,,,,
12,JBA,criminal,PP,NCP,45,F,22,,,,
12,JBA,criminal,J,NCP,50,M,21,,,,
12,JBA,criminal,J,NCP,56,F,12,,,,
12,JBA,criminal,CP,CP,39,M,22,,,,
12,JBA,criminal,J,NCP,53,M,16,,,,
12,JBA,criminal,PD,NCP,34,F,16,,,,
12,JBA,criminal,J,NCP,56,M,20,,,,
12,JBA,criminal,J,NCP,46,F,18,,,,
12,JBA,criminal,PP,NCP,58,F,12,,,,
12,JBA,criminal,PP,NCP,36,M,14,,,,
12,JBA,criminal,CP,CP,55,F,22,,,,
12,JBA,criminal,NCP,NCP,49,F,14,,,,
12,JBA,criminal,NCP,NCP,45,M,16,,,,
12,JBA,criminal,NCP,NCP,48,M,16,,,,
12,JBA,criminal,NCP,NCP,46,M,12,,,,
12,JBA,criminal,CP,CP,52,M,20,,,,
12,JBA,criminal,CP,CP,63,M,16,,,,
12,JBA,criminal,NI,NI,58,F,14,,,,
12,JBA,criminal,NI,NI,43,F,12,,,,
12,JBA,criminal,NI,NI,50,M,12,,,,
12,JBA,criminal,NI,NI,56,M,16,,,,
12,JBA,criminal,NI,NI,33,M,14,,,,
12,JBA,criminal,NI,NI,27,M,14,,,,
12,JBA,criminal,NI,NI,66,M,16,,,,
12,JBA,criminal,NI,NI,37,M,14,,,,
12,JBA,criminal,NI,NI,60,F,16,,,,
12,JBA,criminal,NI,NI,27,M,17,,,,
12,JBA,criminal,NI,NI,44,M,17,,,,
12,JBA,criminal,NI,NI,25,M,17,,,,
12,JBA,criminal,NI,NI,56,M,17,,,,
12,JBA,criminal,NI,NI,53,F,15,,,,
12,JBA,criminal,NI,NI,66,F,12,,,,
12,JBA,criminal,NI,NI,54,M,12,,,,
12,JBA,criminal,NI,NI,69,M,22,,,,
12,JBA,criminal,NI,NI,54,F,12,,,,
12,JBA,criminal,NI,NI,54,M,12,,,,
12,JBA,criminal,NI,NI,29,F,22,,,,
12,JBA,criminal,NI,NI,22,M,15,,,,
12,JBA,criminal,NI,NI,46,M,16,,,,
12,JBA,criminal,NI,NI,44,F,16,,,,
12,JBA,criminal,NI,NI,55,F,22,,,,
12,JBA,criminal,NI,NI,44,F,14,,,,
12,JBA,criminal,NI,NI,59,F,22,,,,
12,JBA,criminal,NI,NI,34,M,16,,,,
12,JBA,criminal,NI,NI,66,F,12,,,,
12,JBA,criminal,NI,NI,37,M,20,,,,
12,JBA,criminal,NI,NI,28,F,17,,,,
12,JBA,criminal,NI,NI,44,F,16,,,,
12,JBA,criminal,NI,NI,43,F,14,,,,
12,JBA,criminal,NI,NI,43,F,18,,,,
12,JBA,criminal,NI,NI,62,F,22,,,,
12,JBA,criminal,NI,NI,62,F,12,,,,
12,JBA,criminal,NI,NI,62,F,13,,,,
12,JBA,criminal,NI,NI,39,M,12,,,,
39,GLG,civil,J,NCP,41,M,19,,,,
39,GLG,civil,J,NCP,63,M,17,,,,
39,GLG,civil,PP,NCP,69,M,12,,,,
39,GLG,civil,J,NCP,45,M,12,,,,
39,GLG,civil,J,NCP,53,M,9,,,,
39,GLG,civil,J,NCP,48,F,14,,,,
39,GLG,civil,CP,CP,66,F,17,,,,
39,GLG,civil,CP,CP,51,M,13,,,,
39,GLG,civil,PPPD,NCP,47,F,14,,,,
39,GLG,civil,CP,CP,25,M,18,,,,
39,GLG,civil,CP,CP,68,M,12,,,,
39,GLG,civil,PP,NCP,48,M,14,,,,
39,GLG,civil,PD,NCP,49,F,15,,,,
39,GLG,civil,J,NCP,45,F,14,,,,
39,GLG,civil,J,NCP,52,F,17,,,,
39,GLG,civil,CP,CP,63,M,16,,,,
39,GLG,civil,CP,CP,54,M,14,,,,
39,GLG,civil,J,NCP,59,M,13,,,,
39,GLG,civil,PD,NCP,42,M,16,,,,
39,GLG,civil,PP,NCP,61,F,14,,,,
39,GLG,civil,J,NCP,67,M,19,,,,
39,GLG,civil,PD,NCP,42,M,14,,,,
39,GLG,civil,NI,NI,62,F,12,,,,
39,GLG,civil,NI,NI,24,M,16,,,,
39,GLG,civil,NI,NI,53,M,14,,,,
39,GLG,civil,NI,NI,43,M,16,,,,
39,GLG,civil,NI,NI,62,M,20,,,,
39,GLG,civil,NI,NI,30,M,16,,,,
39,GLG,civil,NI,NI,61,M,12,,,,
39,GLG,civil,NI,NI,43,M,16,,,,
39,GLG,civil,NI,NI,57,F,18,,,,
39,GLG,civil,NI,NI,45,F,22,,,,
39,GLG,civil,NI,NI,44,M,12,,,,
39,GLG,civil,NI,NI,49,F,14,,,,
39,GLG,civil,NI,NI,47,M,16,,,,
39,GLG,civil,NI,NI,53,M,16,,,,
39,GLG,civil,NI,NI,37,M,18,,,,
39,GLG,civil,NI,NI,39,F,18,,,,
39,GLG,civil,NI,NI,65,M,7,,,,
39,GLG,civil,NI,NI,74,M,12,,,,
39,GLG,civil,NI,NI,41,M,13,,,,
39,GLG,civil,NI,NI,30,M,16,,,,
39,GLG,civil,NI,NI,63,M,13,,,,
39,GLG,civil,NI,NI,49,F,16,,,,
39,GLG,civil,NI,NI,60,M,14,,,,
39,GLG,civil,NI,NI,57,F,14,,,,
39,GLG,civil,NI,NI,69,F,22,,,,
39,GLG,civil,NI,NI,69,F,15,,,,
39,GLG,civil,NI,NI,48,M,16,,,,
39,GLG,civil,NI,NI,65,M,14,,,,
39,GLG,civil,NI,NI,30,M,12,,,,
43,PCD,civil,J,NCP,61,M,14,,,,
43,PCD,civil,CP,CP,44,F,15,,,,
43,PCD,civil,J,NCP,34,M,18,,,,
43,PCD,civil,J,NCP,53,M,18,,,,
43,PCD,civil,CP,CP,38,M,12,,,,
43,PCD,civil,CP,CP,32,F,16,,,,
43,PCD,civil,PD,NCP,53,F,9,,,,
43,PCD,civil,J,NCP,62,M,12,,,,
43,PCD,civil,J,NCP,45,F,14,,,,
43,PCD,civil,J,NCP,42,M,12,,,,
43,PCD,civil,CP,CP,32,M,14,,,,
43,PCD,civil,J,NCP,59,M,12,,,,
43,PCD,civil,J,NCP,38,M,11,,,,
43,PCD,civil,J,NCP,50,F,13,,,,
43,PCD,civil,CP,CP,28,M,14,,,,
43,PCD,civil,J,NCP,62,F,10,,,,
43,PCD,civil,PD,NCP,58,F,16,,,,
43,PCD,civil,CP,CP,52,M,12,,,,
43,PCD,civil,CP,CP,22,M,16,,,,
43,PCD,civil,CP,CP,51,F,13,,,,
43,PCD,civil,CP,CP,53,M,16,,,,
43,PCD,civil,J,NCP,42,M,16,,,,
43,PCD,civil,J,NCP,61,F,20,,,,
43,PCD,civil,J,NCP,30,F,22,,,,
43,PCD,civil,CP,CP,40,F,17,,,,
43,PCD,civil,PP,NCP,38,M,15,,,,
43,PCD,civil,J,NCP,63,F,12,,,,
43,PCD,civil,PP,NCP,28,F,12,,,,
43,PCD,civil,J,NCP,62,F,15,,,,
43,PCD,civil,J,NCP,65,M,16,,,,
43,PCD,civil,J,NCP,50,F,14,,,,
43,PCD,civil,PP,NCP,59,M,15,,,,
43,PCD,civil,PP,NCP,39,F,13,,,,
43,PCD,civil,J,NCP,31,F,18,,,,
43,PCD,civil,PD,NCP,46,F,15,,,,
43,PCD,civil,NCP,NCP,45,F,13,,,,
43,PCD,civil,NCP,NCP,58,F,14,,,,
43,PCD,civil,NCP,NCP,39,M,17,,,,
43,PCD,civil,NCP,NCP,47,F,12,,,,
43,PCD,civil,NCP,NCP,52,M,14,,,,
43,PCD,civil,CP,CP,41,M,12,,,,
43,PCD,civil,NCP,NCP,38,F,12,,,,
43,PCD,civil,NCP,NCP,56,M,14,,,,
43,PCD,civil,NCP,NCP,55,F,12,,,,
43,PCD,civil,NCP,NCP,57,F,13,,,,
43,PCD,civil,NCP,NCP,51,F,17,,,,
43,PCD,civil,NCP,NCP,35,M,21,,,,
43,PCD,civil,NCP,NCP,30,F,16,,,,
43,PCD,civil,NCP,NCP,52,M,15,,,,
43,PCD,civil,NCP,NCP,41,M,12,,,,
43,PCD,civil,NCP,NCP,23,M,16,,,,
43,PCD,civil,NCP,NCP,46,M,13,,,,
43,PCD,civil,NCP,NCP,41,M,16,,,,
43,PCD,civil,NCP,NCP,52,F,14,,,,
43,PCD,civil,NCP,NCP,50,M,22,,,,
43,PCD,civil,CP,CP,26,M,17,,,,
43,PCD,civil,NCP,NCP,35,F,17,,,,
43,PCD,civil,NCP,NCP,57,F,12,,,,
43,PCD,civil,NCP,NCP,37,M,14,,,,
43,PCD,civil,NCP,NCP,46,F,16,,,,
43,PCD,civil,NCP,NCP,48,F,17,,,,
44,PCD,civil,PPPD,NCP,41,M,17,,,,
44,PCD,civil,J,NCP,51,F,12,,,,
44,PCD,civil,CP,CP,27,M,22,,,,
44,PCD,civil,PD,NCP,46,F,12,,,,
44,PCD,civil,PP,NCP,41,F,22,,,,
44,PCD,civil,PD,NCP,42,M,12,,,,
44,PCD,civil,J,NCP,29,M,16,,,,
44,PCD,civil,PP,NCP,43,F,14,,,,
44,PCD,civil,J,NCP,39,M,16,,,,
44,PCD,civil,J,NCP,52,F,16,,,,
44,PCD,civil,J,NCP,37,M,16,,,,
44,PCD,civil,J,NCP,59,M,18,,,,
44,PCD,civil,PP,NCP,50,M,17,,,,
44,PCD,civil,CP,CP,24,M,18,,,,
44,PCD,civil,PD,NCP,49,M,13,,,,
44,PCD,civil,J,NCP,45,M,18,,,,
44,PCD,civil,J,NCP,41,M,22,,,,
44,PCD,civil,CP,CP,36,F,13,,,,
44,PCD,civil,J,NCP,52,F,19,,,,
44,PCD,civil,CP,CP,76,F,10,,,,
44,PCD,civil,J,NCP,45,M,14,,,,
44,PCD,civil,J,NCP,54,F,20,,,,
44,PCD,civil,J,NCP,56,M,14,,,,
44,PCD,civil,J,NCP,53,M,13,,,,
44,PCD,civil,J,NCP,57,F,16,,,,
44,PCD,civil,J,NCP,25,M,17,,,,
44,PCD,civil,J,NCP,64,M,15,,,,
44,PCD,civil,J,NCP,26,M,16,,,,
44,PCD,civil,J,NCP,32,M,18,,,,
44,PCD,civil,J,NCP,23,F,14,,,,
44,PCD,civil,J,NCP,35,M,14,,,,
44,PCD,civil,PP,NCP,49,M,12,,,,
44,PCD,civil,J,NCP,28,M,12,,,,
44,PCD,civil,CP,CP,25,M,12,,,,
44,PCD,civil,J,NCP,61,M,14,,,,
44,PCD,civil,J,NCP,68,F,11,,,,
44,PCD,civil,NI,NI,65,M,19,,,,
44,PCD,civil,NI,NI,55,M,15,,,,
44,PCD,civil,NI,NI,42,M,22,,,,
44,PCD,civil,NI,NI,48,M,16,,,,
44,PCD,civil,NI,NI,62,M,15,,,,
44,PCD,civil,NI,NI,56,M,12,,,,
44,PCD,civil,NI,NI,61,M,15,,,,
44,PCD,civil,NI,NI,43,M,16,,,,
44,PCD,civil,NI,NI,46,F,14,,,,
44,PCD,civil,NI,NI,59,M,17,,,,
44,PCD,civil,NI,NI,35,M,13,,,,
44,PCD,civil,NI,NI,50,M,16,,,,
44,PCD,civil,NI,NI,53,M,16,,,,
44,PCD,civil,NI,NI,72,M,22,,,,
44,PCD,civil,NI,NI,55,M,12,,,,
44,PCD,civil,NI,NI,61,F,12,,,,
44,PCD,civil,NI,NI,31,M,12,,,,
44,PCD,civil,NI,NI,65,M,13,,,,
44,PCD,civil,NI,NI,22,M,16,,,,
44,PCD,civil,NI,NI,21,M,13,,,,
44,PCD,civil,NI,NI,53,M,18,,,,
44,PCD,civil,NI,NI,34,F,14,,,,
44,PCD,civil,NI,NI,59,F,12,,,,
44,PCD,civil,NI,NI,34,F,18,,,,
44,PCD,civil,NI,NI,24,M,15,,,,
44,PCD,civil,NI,NI,40,F,12,,,,
44,PCD,civil,NI,NI,59,M,22,,,,
44,PCD,civil,NI,NI,55,F,16,,,,
44,PCD,civil,NI,NI,51,M,22,,,,
44,PCD,civil,NI,NI,32,F,16,,,,
44,PCD,civil,NI,NI,41,F,16,,,,
44,PCD,civil,NI,NI,46,F,12,,,,
44,PCD,civil,NI,NI,23,M,14,,,,
45,PCD,civil,PP,NCP,41,M,17,,,,
45,PCD,civil,J,NCP,27,M,22,,,,
45,PCD,civil,PP,NCP,46,F,12,,,,
45,PCD,civil,CP,CP,41,F,22,,,,
45,PCD,civil,J,NCP,42,M,12,,,,
45,PCD,civil,PD,NCP,43,F,14,,,,
45,PCD,civil,PD,NCP,50,M,17,,,,
45,PCD,civil,CP,CP,24,M,18,,,,
45,PCD,civil,CP,CP,49,M,13,,,,
45,PCD,civil,CP,CP,36,F,13,,,,
45,PCD,civil,J,NCP,52,F,19,,,,
45,PCD,civil,CP,CP,76,F,10,,,,
45,PCD,civil,CP,CP,45,M,14,,,,
45,PCD,civil,PD,NCP,54,F,20,,,,
45,PCD,civil,CP,CP,56,M,14,,,,
45,PCD,civil,PP,NCP,53,M,13,,,,
45,PCD,civil,J,NCP,57,F,16,,,,
45,PCD,civil,J,NCP,25,M,17,,,,
45,PCD,civil,J,NCP,64,M,15,,,,
45,PCD,civil,J,NCP,26,M,16,,,,
45,PCD,civil,PD,NCP,32,M,18,,,,
45,PCD,civil,CP,CP,23,F,14,,,,
45,PCD,civil,J,NCP,35,M,14,,,,
45,PCD,civil,J,NCP,49,M,12,,,,
45,PCD,civil,J,NCP,28,M,12,,,,
45,PCD,civil,CP,CP,25,M,12,,,,
45,PCD,civil,J,NCP,61,M,14,,,,
45,PCD,civil,CP,CP,68,F,11,,,,
45,PCD,civil,NI,NI,65,M,19,,,,
45,PCD,civil,NI,NI,55,M,15,,,,
45,PCD,civil,NI,NI,42,M,22,,,,
45,PCD,civil,NI,NI,48,M,16,,,,
45,PCD,civil,NI,NI,62,M,15,,,,
45,PCD,civil,NI,NI,56,M,12,,,,
45,PCD,civil,NI,NI,61,M,15,,,,
45,PCD,civil,NI,NI,43,M,16,,,,
45,PCD,civil,NI,NI,46,F,14,,,,
45,PCD,civil,NI,NI,59,M,17,,,,
45,PCD,civil,NI,NI,35,M,13,,,,
45,PCD,civil,NI,NI,50,M,16,,,,
45,PCD,civil,NI,NI,53,M,16,,,,
45,PCD,civil,NI,NI,72,M,22,,,,
45,PCD,civil,NI,NI,55,M,12,,,,
45,PCD,civil,NI,NI,61,F,12,,,,
45,PCD,civil,NI,NI,31,M,12,,,,
45,PCD,civil,NI,NI,65,M,13,,,,
45,PCD,civil,NI,NI,22,M,16,,,,
45,PCD,civil,NI,NI,21,M,13,,,,
45,PCD,civil,NI,NI,53,M,18,,,,
45,PCD,civil,NI,NI,34,F,14,,,,
45,PCD,civil,NI,NI,59,F,12,,,,
45,PCD,civil,NI,NI,34,F,18,,,,
45,PCD,civil,NI,NI,24,M,15,,,,
45,PCD,civil,NI,NI,40,F,12,,,,
45,PCD,civil,NI,NI,59,M,22,,,,
45,PCD,civil,NI,NI,55,F,16,,,,
45,PCD,civil,NI,NI,51,M,22,,,,
45,PCD,civil,NI,NI,32,F,16,,,,
45,PCD,civil,NI,NI,41,F,16,,,,
45,PCD,civil,NI,NI,46,F,12,,,,
45,PCD,civil,NI,NI,23,M,14,,,,
46,PCD,civil,CP,CP,61,F,13,,,,
46,PCD,civil,J,NCP,62,F,12,,,,
46,PCD,civil,PD,NCP,41,M,19,,,,
46,PCD,civil,CP,CP,53,F,14,,,,
46,PCD,civil,PD,NCP,36,M,14,,,,
46,PCD,civil,J,NCP,61,F,12,,,,
46,PCD,civil,PP,NCP,56,F,20,,,,
46,PCD,civil,J,NCP,51,F,14,,,,
46,PCD,civil,PD,NCP,53,F,13,,,,
46,PCD,civil,PP,NCP,46,F,13,,,,
46,PCD,civil,PP,NCP,66,F,16,,,,
46,PCD,civil,CP,CP,61,M,16,,,,
46,PCD,civil,PD,NCP,60,M,16,,,,
46,PCD,civil,J,NCP,24,F,16,,,,
46,PCD,civil,J,NCP,26,F,12,,,,
46,PCD,civil,J,NCP,52,M,20,,,,
46,PCD,civil,CP,CP,40,M,16,,,,
46,PCD,civil,PP,NCP,41,F,16,,,,
46,PCD,civil,CP,CP,29,F,15,,,,
46,PCD,civil,CP,CP,43,F,17,,,,
46,PCD,civil,J,NCP,47,M,12,,,,
46,PCD,civil,PD,NCP,69,M,14,,,,
46,PCD,civil,J,NCP,29,F,14,,,,
46,PCD,civil,J,NCP,52,F,17,,,,
46,PCD,civil,J,NCP,53,M,12,,,,
46,PCD,civil,CP,CP,57,F,16,,,,
46,PCD,civil,J,NCP,56,M,12,,,,
46,PCD,civil,CP,CP,70,F,22,,,,
46,PCD,civil,J,NCP,36,M,22,,,,
46,PCD,civil,CP,CP,52,F,18,,,,
46,PCD,civil,CP,CP,60,M,11,,,,
46,PCD,civil,J,NCP,52,M,16,,,,
46,PCD,civil,J,NCP,37,F,14,,,,
46,PCD,civil,J,NCP,61,M,10,,,,
46,PCD,civil,J,NCP,28,F,14,,,,
46,PCD,civil,J,NCP,61,M,16,,,,
46,PCD,civil,CP,CP,47,M,12,,,,
46,PCD,civil,J,NCP,45,M,16,,,,
46,PCD,civil,J,NCP,47,F,12,,,,
46,PCD,civil,CP,CP,32,F,16,,,,
46,PCD,civil,J,NCP,52,F,13,,,,
46,PCD,civil,J,NCP,71,M,22,,,,
46,PCD,civil,J,NCP,50,F,16,,,,
46,PCD,civil,J,NCP,49,M,12,,,,
46,PCD,civil,J,NCP,49,M,12,,,,
46,PCD,civil,CP,CP,64,F,12,,,,
46,PCD,civil,CP,CP,48,M,18,,,,
46,PCD,civil,CP,CP,39,M,18,,,,
46,PCD,civil,J,NCP,46,F,12,,,,
46,PCD,civil,CP,CP,58,F,13,,,,
46,PCD,civil,CP,CP,22,F,16,,,,
17,JBA,criminal,PD,NCP,63,F,11,,,,
17,JBA,criminal,J,NCP,23,M,16,,,,
17,JBA,criminal,PP,NCP,21,F,15,,,,
17,JBA,criminal,PD,NCP,42,F,17,,,,
17,JBA,criminal,J,NCP,22,M,16,,,,
17,JBA,criminal,PP,NCP,50,M,12,,,,
17,JBA,criminal,CP,CP,56,M,16,,,,
17,JBA,criminal,J,NCP,59,M,2,,,,
17,JBA,criminal,PP,NCP,43,F,16,,,,
17,JBA,criminal,J,NCP,37,M,14,,,,
17,JBA,criminal,PD,NCP,48,M,16,,,,
17,JBA,criminal,PP,NCP,44,F,18,,,,
17,JBA,criminal,CP,CP,38,F,14,,,,
17,JBA,criminal,CP,CP,52,M,13,,,,
17,JBA,criminal,PP,NCP,67,F,14,,,,
17,JBA,criminal,PD,NCP,42,M,18,,,,
17,JBA,criminal,J,NCP,45,M,18,,,,
17,JBA,criminal,CP,CP,51,M,19,,,,
17,JBA,criminal,CP,CP,40,M,14,,,,
17,JBA,criminal,PD,NCP,58,M,12,,,,
17,JBA,criminal,J,NCP,44,F,18,,,,
17,JBA,criminal,CP,CP,64,M,12,,,,
17,JBA,criminal,PD,NCP,40,F,19,,,,
17,JBA,criminal,CP,CP,55,M,14,,,,
17,JBA,criminal,CP,CP,59,M,11,,,,
17,JBA,criminal,CP,CP,55,F,14,,,,
17,JBA,criminal,J,NCP,56,F,12,,,,
17,JBA,criminal,J,NCP,65,F,22,,,,
17,JBA,criminal,J,NCP,48,M,12,,,,
17,JBA,criminal,CP,CP,22,M,12,,,,
17,JBA,criminal,CP,CP,55,F,12,,,,
17,JBA,criminal,CP,CP,23,M,22,,,,
17,JBA,criminal,PP,NCP,24,M,14,,,,
17,JBA,criminal,CP,CP,50,M,21,,,,
17,JBA,criminal,PP,NCP,46,M,12,,,,
17,JBA,criminal,J,NCP,53,M,16,,,,
17,JBA,criminal,CP,CP,35,M,16,,,,
17,JBA,criminal,CP,CP,64,F,11,,,,
17,JBA,criminal,CP,CP,29,F,14,,,,
17,JBA,criminal,CP,CP,64,M,13,,,,
17,JBA,criminal,CP,CP,60,F,18,,,,
17,JBA,criminal,J,NCP,26,M,12,,,,
17,JBA,criminal,J,NCP,42,M,22,,,,
17,JBA,criminal,J,NCP,70.5,M,14,,,,
17,JBA,criminal,PD,NCP,49,M,6,,,,
17,JBA,criminal,PP,NCP,61,F,12,,,,
17,JBA,criminal,PD,NCP,48,F,12,,,,
17,JBA,criminal,J,NCP,55,F,17,,,,
17,JBA,criminal,NCP,NCP,45,F,12,,,,
17,JBA,criminal,NCP,NCP,52,M,16,,,,
17,JBA,criminal,NCP,NCP,67,M,13,,,,
17,JBA,criminal,NCP,NCP,22,F,12,,,,
17,JBA,criminal,NCP,NCP,60,F,12,,,,
17,JBA,criminal,NCP,NCP,37,F,20,,,,
17,JBA,criminal,NCP,NCP,58,M,15,,,,
17,JBA,criminal,NCP,NCP,46,F,14,,,,
17,JBA,criminal,CP,CP,63,M,4,,,,
17,JBA,criminal,NCP,NCP,45,F,17,,,,
17,JBA,criminal,NCP,NCP,51,F,12,,,,
17,JBA,criminal,CP,CP,48,F,14,,,,
17,JBA,criminal,NCP,NCP,49,F,16,,,,
17,JBA,criminal,NCP,NCP,26,F,16,,,,
17,JBA,criminal,NCP,NCP,63,F,21,,,,
17,JBA,criminal,NCP,NCP,27,F,22,,,,
17,JBA,criminal,NCP,NCP,57,F,14,,,,
17,JBA,criminal,NCP,NCP,50,M,16,,,,
17,JBA,criminal,NCP,NCP,52,F,12,,,,
17,JBA,criminal,NCP,NCP,42,M,14,,,,
17,JBA,criminal,NCP,NCP,48,F,14,,,,
17,JBA,criminal,CP,CP,27,F,15,,,,
17,JBA,criminal,NCP,NCP,39,F,15,,,,
17,JBA,criminal,NCP,NCP,29,M,15,,,,
17,JBA,criminal,NCP,NCP,30,M,17,,,,
17,JBA,criminal,NCP,NCP,40,F,14,,,,
17,JBA,criminal,NCP,NCP,58,F,19,,,,
18,PCD,criminal,J,NCP,49,M,12,,,,
18,PCD,criminal,J,NCP,56,M,12,,,,
18,PCD,criminal,PD,NCP,44,F,16,,,,
18,PCD,criminal,PP,NCP,70,M,14,,,,
18,PCD,criminal,J,NCP,30,F,13,,,,
18,PCD,criminal,PD,NCP,45,M,14,,,,
18,PCD,criminal,CP,CP,37,F,14,,,,
18,PCD,criminal,J,NCP,52,F,13,,,,
18,PCD,criminal,J,NCP,52,M,12,,,,
18,PCD,criminal,CP,CP,22,M,16,,,,
18,PCD,criminal,CP,CP,28,M,16,,,,
18,PCD,criminal,PD,NCP,45,M,12,,,,
18,PCD,criminal,PD,NCP,32,M,15,,,,
18,PCD,criminal,J,NCP,56,M,17,,,,
18,PCD,criminal,J,NCP,67,F,18,,,,
18,PCD,criminal,J,NCP,67,F,12,,,,
18,PCD,criminal,J,NCP,64,M,17,,,,
18,PCD,criminal,J,NCP,37,F,15,,,,
18,PCD,criminal,J,NCP,61,F,15,,,,
18,PCD,criminal,CP,CP,62,M,16,,,,
18,PCD,criminal,CP,CP,37,M,13,,,,
18,PCD,criminal,J,NCP,38,F,16,,,,
18,PCD,criminal,PPPD,NCP,45,F,13,,,,
18,PCD,criminal,J,NCP,55,M,16,,,,
18,PCD,criminal,PP,NCP,58,F,12,,,,
18,PCD,criminal,PD,NCP,55,F,14,,,,
18,PCD,criminal,J,NCP,51,F,20,,,,
18,PCD,criminal,PD,NCP,51,M,16,,,,
18,PCD,criminal,PD,NCP,34,F,14,,,,
18,PCD,criminal,PD,NCP,38,M,18,,,,
18,PCD,criminal,CP,CP,45,F,12,,,,
18,PCD,criminal,J,NCP,51,F,18,,,,
18,PCD,criminal,PP,NCP,44,F,12,,,,
18,PCD,criminal,CP,CP,69,F,16,,,,
18,PCD,criminal,CP,CP,39,F,15,,,,
18,PCD,criminal,CP,CP,27,M,16,,,,
18,PCD,criminal,PPPD,NCP,56,F,16,,,,
18,PCD,criminal,NCP,NCP,41,M,14,,,,
18,PCD,criminal,NCP,NCP,26,F,19,,,,
18,PCD,criminal,NCP,NCP,46,F,14,,,,
18,PCD,criminal,NCP,NCP,28,M,13,,,,
18,PCD,criminal,NCP,NCP,48,M,16,,,,
18,PCD,criminal,NCP,NCP,44,M,18,,,,
18,PCD,criminal,NCP,NCP,54,F,12,,,,
18,PCD,criminal,CP,CP,66,M,12,,,,
18,PCD,criminal,NCP,NCP,59,M,18,,,,
18,PCD,criminal,NCP,NCP,40,M,14,,,,
18,PCD,criminal,NCP,NCP,46,F,14,,,,
18,PCD,criminal,NCP,NCP,64,F,18,,,,
18,PCD,criminal,NCP,NCP,63,M,20,,,,
18,PCD,criminal,NCP,NCP,41,F,22,,,,
18,PCD,criminal,NCP,NCP,51,M,13,,,,
18,PCD,criminal,NCP,NCP,48,F,12,,,,
18,PCD,criminal,NCP,NCP,63,F,12,,,,
18,PCD,criminal,NCP,NCP,43,M,19,,,,
18,PCD,criminal,CP,CP,52,F,14,,,,
18,PCD,criminal,NCP,NCP,29,F,16,,,,
18,PCD,criminal,NCP,NCP,59,M,19,,,,
18,PCD,criminal,CP,CP,40,F,18,,,,
18,PCD,criminal,NCP,NCP,45,F,14,,,,
18,PCD,criminal,NCP,NCP,38,F,15,,,,
18,PCD,criminal,NCP,NCP,44,F,16,,,,
18,PCD,criminal,NCP,NCP,43,F,16,,,,
18,PCD,criminal,NCP,NCP,58,M,15,,,,
18,PCD,criminal,NCP,NCP,64,F,18,,,,
18,PCD,criminal,NCP,NCP,24,M,16,,,,
18,PCD,criminal,NCP,NCP,58,F,16,,,,
18,PCD,criminal,NCP,NCP,32,M,16,,,,
18,PCD,criminal,NCP,NCP,45,F,13,,,,
18,PCD,criminal,NCP,NCP,51,F,16,,,,
18,PCD,criminal,NCP,NCP,37,M,20,,,,
18,PCD,criminal,CP,CP,54,F,22,,,,
19,SRU,criminal,CP,CP,51,M,17,,,,
19,SRU,criminal,PP,NCP,23,M,16,,,,
19,SRU,criminal,CP,CP,55,F,18,,,,
19,SRU,criminal,PD,NCP,55,M,16,,,,
19,SRU,criminal,CP,CP,53,M,18,,,,
19,SRU,criminal,J,NCP,62,M,21,,,,
19,SRU,criminal,PD,NCP,53,F,22,,,,
19,SRU,criminal,J,NCP,53,F,14,,,,
19,SRU,criminal,J,NCP,65,M,12,,,,
19,SRU,criminal,PD,NCP,49,F,18,,,,
19,SRU,criminal,CP,CP,54,F,12,,,,
19,SRU,criminal,PD,NCP,29,F,16,,,,
19,SRU,criminal,CP,CP,58,F,14,,,,
19,SRU,criminal,J,NCP,60,F,14,,,,
19,SRU,criminal,J,NCP,69,M,12,,,,
19,SRU,criminal,PP,NCP,29,M,21,,,,
19,SRU,criminal,CP,CP,52,F,16,,,,
19,SRU,criminal,PD,NCP,27,M,15,,,,
19,SRU,criminal,PP,NCP,27,F,13,,,,
19,SRU,criminal,PD,NCP,66,M,8,,,,
19,SRU,criminal,CP,CP,30,F,12,,,,
19,SRU,criminal,J,NCP,49,M,12,,,,
19,SRU,criminal,CP,CP,71,M,11,,,,
19,SRU,criminal,PD,NCP,59,F,13,,,,
19,SRU,criminal,CP,CP,55,F,16,,,,
19,SRU,criminal,PD,NCP,63,F,18,,,,
19,SRU,criminal,CP,CP,66,M,16,,,,
19,SRU,criminal,CP,CP,27,M,16,,,,
19,SRU,criminal,PP,NCP,69,F,16,,,,
19,SRU,criminal,J,NCP,43,F,22,,,,
19,SRU,criminal,CP,CP,47,F,13,,,,
19,SRU,criminal,CP,CP,40,F,16,,,,
19,SRU,criminal,CP,CP,58,M,16,,,,
19,SRU,criminal,J,NCP,48,M,15,,,,
19,SRU,criminal,J,NCP,65,M,14,,,,
19,SRU,criminal,PP,NCP,31,F,17,,,,
19,SRU,criminal,J,NCP,40,M,16,,,,
19,SRU,criminal,CP,CP,53,F,13,,,,
19,SRU,criminal,J,NCP,51,M,18,,,,
19,SRU,criminal,J,NCP,58,F,18,,,,
19,SRU,criminal,J,NCP,42,F,19,,,,
19,SRU,criminal,PD,NCP,56,F,17,,,,
19,SRU,criminal,J,NCP,51,M,16,,,,
19,SRU,criminal,CP,CP,55,F,22,,,,
19,SRU,criminal,PD,NCP,27,F,16,,,,
19,SRU,criminal,PP,NCP,55,F,8,,,,
19,SRU,criminal,NI,NI,57,M,10,,,,
19,SRU,criminal,NI,NI,45,M,22,,,,
19,SRU,criminal,NI,NI,33,M,16,,,,
19,SRU,criminal,NI,NI,31,M,13,,,,
19,SRU,criminal,NI,NI,23,F,16,,,,
19,SRU,criminal,NI,NI,61,M,19,,,,
19,SRU,criminal,NI,NI,61,M,10,,,,
19,SRU,criminal,NI,NI,68,M,20,,,,
19,SRU,criminal,NI,NI,49,M,22,,,,
19,SRU,criminal,NI,NI,40,F,16,,,,
19,SRU,criminal,NI,NI,37,F,18,,,,
19,SRU,criminal,NI,NI,37,M,12,,,,
19,SRU,criminal,NI,NI,21,M,15,,,,
19,SRU,criminal,NI,NI,50,F,13,,,,
19,SRU,criminal,NI,NI,67,M,18,,,,
19,SRU,criminal,NI,NI,47,F,14,,,,
19,SRU,criminal,NI,NI,55,F,12,,,,
19,SRU,criminal,NI,NI,30,F,18,,,,
20,SRU,criminal,CP,CP,57,M,12,,,,
20,SRU,criminal,PP,NCP,49,F,22,,,,
20,SRU,criminal,J,NCP,63,M,16,,,,
20,SRU,criminal,PD,NCP,62,M,17,,,,
20,SRU,criminal,J,NCP,52,M,18,,,,
20,SRU,criminal,J,NCP,25,F,16,,,,
20,SRU,criminal,CP,CP,45,M,18,,,,
20,SRU,criminal,PP,NCP,32,M,12,,,,
20,SRU,criminal,CP,CP,64,M,22,,,,
20,SRU,criminal,CP,CP,65,F,12,,,,
20,SRU,criminal,PP,NCP,57,F,18,,,,
20,SRU,criminal,J,NCP,51,F,17,,,,
20,SRU,criminal,CP,CP,29,M,18,,,,
20,SRU,criminal,J,NCP,45,F,17,,,,
20,SRU,criminal,PD,NCP,40,F,16,,,,
20,SRU,criminal,CP,CP,60,F,10,,,,
20,SRU,criminal,CP,CP,60,M,12,,,,
20,SRU,criminal,CP,CP,40,M,13,,,,
20,SRU,criminal,J,NCP,56,F,14,,,,
20,SRU,criminal,PP,NCP,27,M,14,,,,
20,SRU,criminal,CP,CP,45,M,18,,,,
20,SRU,criminal,CP,CP,51,F,16,,,,
20,SRU,criminal,CP,CP,50,F,12,,,,
20,SRU,criminal,CP,CP,38,M,16,,,,
20,SRU,criminal,CP,CP,35,M,15,,,,
20,SRU,criminal,CP,CP,54,M,13,,,,
20,SRU,criminal,CP,CP,34,M,16,,,,
20,SRU,criminal,J,NCP,51,M,14,,,,
20,SRU,criminal,PD,NCP,46,M,16,,,,
20,SRU,criminal,PP,NCP,66,F,13,,,,
20,SRU,criminal,J,NCP,49,F,12,,,,
20,SRU,criminal,PD,NCP,58,F,16,,,,
20,SRU,criminal,PD,NCP,61,F,6,,,,
20,SRU,criminal,CP,CP,62,F,19,,,,
20,SRU,criminal,PD,NCP,49,M,12,,,,
20,SRU,criminal,PP,NCP,51,F,17,,,,
20,SRU,criminal,PD,NCP,56,M,19,,,,
20,SRU,criminal,PD,NCP,52,M,21,,,,
20,SRU,criminal,J,NCP,54,M,20,,,,
20,SRU,criminal,CP,CP,60,M,10,,,,
20,SRU,criminal,J,NCP,43,M,16,,,,
20,SRU,criminal,PD,NCP,52,M,18,,,,
20,SRU,criminal,PD,NCP,43,F,22,,,,
20,SRU,criminal,J,NCP,37,M,14,,,,
20,SRU,criminal,CP,CP,49,F,16,,,,
20,SRU,criminal,CP,CP,54,M,20,,,,
20,SRU,criminal,PP,NCP,53,F,12,,,,
20,SRU,criminal,CP,CP,37,F,16,,,,
20,SRU,criminal,J,NCP,68,M,12,,,,
20,SRU,criminal,J,NCP,67,M,18,,,,
20,SRU,criminal,NCP,NCP,27,M,16,,,,
20,SRU,criminal,CP,CP,61,M,18,,,,
20,SRU,criminal,NCP,NCP,20,M,14,,,,
20,SRU,criminal,NCP,NCP,58,F,14,,,,
20,SRU,criminal,NCP,NCP,69,F,16,,,,
20,SRU,criminal,NCP,NCP,55,F,15,,,,
20,SRU,criminal,NCP,NCP,45,F,14,,,,
20,SRU,criminal,NCP,NCP,65,M,14,,,,
20,SRU,criminal,CP,CP,66,F,14,,,,
20,SRU,criminal,NCP,NCP,24,M,17,,,,
20,SRU,criminal,NCP,NCP,59,M,17,,,,
20,SRU,criminal,CP,CP,37,F,22,,,,
20,SRU,criminal,CP,CP,52,F,16,,,,
20,SRU,criminal,NCP,NCP,51,M,17,,,,
20,SRU,criminal,NCP,NCP,34,F,13,,,,
20,SRU,criminal,NCP,NCP,51,M,16,,,,
20,SRU,criminal,NCP,NCP,37,F,15,,,,
20,SRU,criminal,NI,NI,23,M,15,,,,
20,SRU,criminal,NI,NI,43,F,13,,,,
20,SRU,criminal,NI,NI,58,M,15,,,,
20,SRU,criminal,NI,NI,48,F,14,,,,
20,SRU,criminal,NI,NI,64,M,12,,,,
20,SRU,criminal,NI,NI,56,F,12,,,,
20,SRU,criminal,NI,NI,56,F,15,,,,
20,SRU,criminal,NI,NI,52,F,17,,,,
20,SRU,criminal,NI,NI,63,F,16,,,,
20,SRU,criminal,NI,NI,53,M,14,,,,
20,SRU,criminal,NI,NI,36,M,12,,,,
20,SRU,criminal,NI,NI,52,F,15,,,,
20,SRU,criminal,NI,NI,56,F,12,,,,
20,SRU,criminal,NI,NI,68,M,16,,,,
20,SRU,criminal,NI,NI,25,F,16,,,,
20,SRU,criminal,NI,NI,57,M,20,,,,
20,SRU,criminal,NI,NI,37,F,12,,,,
20,SRU,criminal,NI,NI,53,M,12,,,,
20,SRU,criminal,NI,NI,33,M,16,,,,
20,SRU,criminal,NI,NI,79,M,19,,,,
20,SRU,criminal,NI,NI,38,M,12,,,,
20,SRU,criminal,NI,NI,51,M,17,,,,
20,SRU,criminal,NI,NI,42,M,18,,,,
20,SRU,criminal,NI,NI,44,M,14,,,,
20,SRU,criminal,NI,NI,56,M,18,,,,
20,SRU,criminal,NI,NI,54,F,16,,,,
20,SRU,criminal,NI,NI,59,F,16,,,,
20,SRU,criminal,NI,NI,31,F,16,,,,
20,SRU,criminal,NI,NI,50,F,16,,,,
20,SRU,criminal,NI,NI,48,M,14,,,,
20,SRU,criminal,NI,NI,38,M,13,,,,
20,SRU,criminal,NI,NI,41,M,20,,,,
20,SRU,criminal,NI,NI,35,M,16,,,,
21,PCD,criminal,J,NCP,47,F,19,,,,
21,PCD,criminal,PD,NCP,51,M,22,,,,
21,PCD,criminal,PD,NCP,41,F,14,,,,
21,PCD,criminal,J,NCP,43,F,18,,,,
21,PCD,criminal,J,NCP,49,F,17,,,,
21,PCD,criminal,PD,NCP,61,F,13,,,,
21,PCD,criminal,PD,NCP,37,M,14,,,,
21,PCD,criminal,J,NCP,43,F,16,,,,
21,PCD,criminal,CP,CP,62,F,8,,,,
21,PCD,criminal,PP,NCP,34,F,13,,,,
21,PCD,criminal,J,NCP,49,F,13,,,,
21,PCD,criminal,J,NCP,55,M,12,,,,
21,PCD,criminal,PPPD,NCP,46,M,16,,,,
21,PCD,criminal,PP,NCP,24,M,13,,,,
21,PCD,criminal,J,NCP,51,M,11,,,,
21,PCD,criminal,PD,NCP,40,M,14,,,,
21,PCD,criminal,PD,NCP,59,F,15,,,,
21,PCD,criminal,CP,CP,30,M,17,,,,
21,PCD,criminal,J,NCP,53,M,12,,,,
21,PCD,criminal,PD,NCP,52,M,13,,,,
21,PCD,criminal,J,NCP,43,F,13,,,,
21,PCD,criminal,CP,CP,50,F,15,,,,
21,PCD,criminal,J,NCP,63,F,12,,,,
21,PCD,criminal,PP,NCP,46,F,15,,,,
21,PCD,criminal,CP,CP,45,F,12,,,,
21,PCD,criminal,CP,CP,58,F,12,,,,
21,PCD,criminal,PP,NCP,51,M,22,,,,
21,PCD,criminal,CP,CP,35,M,16,,,,
21,PCD,criminal,PP,NCP,49,F,15,,,,
21,PCD,criminal,PD,NCP,36,M,16,,,,
21,PCD,criminal,J,NCP,52,M,16,,,,
21,PCD,criminal,PD,NCP,65,M,12,,,,
21,PCD,criminal,J,NCP,32,M,12,,,,
21,PCD,criminal,J,NCP,45,F,13,,,,
21,PCD,criminal,J,NCP,51,F,18,,,,
21,PCD,criminal,PD,NCP,32,M,16,,,,
21,PCD,criminal,PD,NCP,71,M,7,,,,
21,PCD,criminal,PP,NCP,23,F,17,,,,
21,PCD,criminal,J,NCP,55,F,12,,,,
21,PCD,criminal,J,NCP,42,M,12,,,,
21,PCD,criminal,NI,NI,53,F,14,,,,
21,PCD,criminal,NI,NI,52,F,12,,,,
21,PCD,criminal,NI,NI,59,M,12,,,,
21,PCD,criminal,NI,NI,47,M,16,,,,
21,PCD,criminal,NI,NI,41,F,12,,,,
21,PCD,criminal,NI,NI,25,M,14,,,,
21,PCD,criminal,NI,NI,54,M,12,,,,
21,PCD,criminal,NI,NI,53,F,12,,,,
21,PCD,criminal,NI,NI,66,M,16,,,,
21,PCD,criminal,NI,NI,25,F,16,,,,
21,PCD,criminal,NI,NI,43,M,12,,,,
21,PCD,criminal,NI,NI,67,M,12,,,,
21,PCD,criminal,NI,NI,51,M,12,,,,
21,PCD,criminal,NI,NI,26,F,12,,,,
21,PCD,criminal,NI,NI,49,M,13,,,,
21,PCD,criminal,NI,NI,45,M,14,,,,
21,PCD,criminal,NI,NI,66,M,22,,,,
21,PCD,criminal,NI,NI,22,F,15,,,,
22,PCD,criminal,PP,NCP,40,F,16,,,,
22,PCD,criminal,J,NCP,48,F,16,,,,
22,PCD,criminal,PD,NCP,61,M,14,,,,
22,PCD,criminal,J,NCP,40,M,14,,,,
22,PCD,criminal,J,NCP,27,M,18,,,,
22,PCD,criminal,J,NCP,58,F,14,,,,
22,PCD,criminal,J,NCP,23,F,12,,,,
22,PCD,criminal,J,NCP,37,F,18,,,,
22,PCD,criminal,J,NCP,44,F,14,,,,
22,PCD,criminal,PP,NCP,44,F,15,,,,
22,PCD,criminal,J,NCP,56,M,18,,,,
22,PCD,criminal,PP,NCP,34,M,17,,,,
22,PCD,criminal,J,NCP,52,M,20,,,,
22,PCD,criminal,PP,NCP,34,M,18,,,,
22,PCD,criminal,J,NCP,45,F,16,,,,
22,PCD,criminal,PD,NCP,53,M,18,,,,
22,PCD,criminal,PD,NCP,38,M,12,,,,
22,PCD,criminal,J,NCP,56,F,19,,,,
22,PCD,criminal,J,NCP,51,F,22,,,,
22,PCD,criminal,PD,NCP,65,M,12,,,,
22,PCD,criminal,CP,CP,32,F,16,,,,
22,PCD,criminal,PD,NCP,62,M,16,,,,
22,PCD,criminal,J,NCP,48,M,12,,,,
22,PCD,criminal,PP,NCP,53,F,9,,,,
22,PCD,criminal,PD,NCP,62,M,12,,,,
22,PCD,criminal,PP,NCP,31,M,22,,,,
22,PCD,criminal,J,NCP,40,M,16,,,,
22,PCD,criminal,PD,NCP,45,F,14,,,,
22,PCD,criminal,PD,NCP,42,M,12,,,,
22,PCD,criminal,J,NCP,52,F,14,,,,
22,PCD,criminal,CP,CP,32,M,14,,,,
22,PCD,criminal,PD,NCP,59,M,12,,,,
22,PCD,criminal,J,NCP,24,F,16,,,,
22,PCD,criminal,CP,CP,38,M,11,,,,
22,PCD,criminal,PP,NCP,50,F,13,,,,
22,PCD,criminal,CP,CP,28,M,14,,,,
22,PCD,criminal,PD,NCP,46,M,13,,,,
22,PCD,criminal,CP,CP,52,M,16,,,,
22,PCD,criminal,NCP,NCP,62,F,10,,,,
22,PCD,criminal,NCP,NCP,58,F,16,,,,
22,PCD,criminal,CP,CP,52,M,12,,,,
22,PCD,criminal,CP,CP,22,M,16,,,,
22,PCD,criminal,NCP,NCP,51,F,13,,,,
22,PCD,criminal,NCP,NCP,45,M,11,,,,
22,PCD,criminal,NCP,NCP,53,M,16,,,,
22,PCD,criminal,NCP,NCP,42,M,16,,,,
22,PCD,criminal,NCP,NCP,61,F,20,,,,
22,PCD,criminal,NCP,NCP,30,F,22,,,,
22,PCD,criminal,CP,CP,40,F,17,,,,
22,PCD,criminal,NCP,NCP,38,M,15,,,,
22,PCD,criminal,NCP,NCP,63,F,12,,,,
22,PCD,criminal,NCP,NCP,28,F,12,,,,
22,PCD,criminal,NCP,NCP,62,F,15,,,,
22,PCD,criminal,NCP,NCP,65,M,16,,,,
22,PCD,criminal,NCP,NCP,50,F,14,,,,
22,PCD,criminal,NCP,NCP,59,M,15,,,,
22,PCD,criminal,NCP,NCP,39,F,13,,,,
22,PCD,criminal,CP,CP,31,F,18,,,,
22,PCD,criminal,NCP,NCP,46,F,15,,,,
22,PCD,criminal,NCP,NCP,45,F,13,,,,
22,PCD,criminal,NCP,NCP,58,F,14,,,,
22,PCD,criminal,NCP,NCP,39,M,17,,,,
22,PCD,criminal,NCP,NCP,47,F,12,,,,
22,PCD,criminal,NCP,NCP,52,M,14,,,,
22,PCD,criminal,CP,CP,41,M,12,,,,
22,PCD,criminal,NCP,NCP,38,F,12,,,,
22,PCD,criminal,NCP,NCP,56,M,14,,,,
22,PCD,criminal,NCP,NCP,55,F,12,,,,
22,PCD,criminal,NCP,NCP,57,F,13,,,,
22,PCD,criminal,NCP,NCP,51,F,17,,,,
22,PCD,criminal,NCP,NCP,35,M,21,,,,
22,PCD,criminal,NCP,NCP,30,F,16,,,,
22,PCD,criminal,NCP,NCP,52,M,15,,,,
22,PCD,criminal,NCP,NCP,41,M,12,,,,
22,PCD,criminal,NCP,NCP,23,M,16,,,,
22,PCD,criminal,NCP,NCP,46,M,13,,,,
22,PCD,criminal,NCP,NCP,41,M,16,,,,
22,PCD,criminal,NCP,NCP,52,F,14,,,,
22,PCD,criminal,NCP,NCP,50,M,22,,,,
22,PCD,criminal,NCP,NCP,26,M,17,,,,
22,PCD,criminal,NCP,NCP,35,F,17,,,,
22,PCD,criminal,NCP,NCP,57,F,12,,,,
22,PCD,criminal,NCP,NCP,37,M,14,,,,
22,PCD,criminal,NCP,NCP,46,F,16,,,,
22,PCD,criminal,NCP,NCP,48,F,17,,,,
53,PCD,civil,PP,NCP,41,M,17,,,,
53,PCD,civil,PP,NCP,46,F,12,,,,
53,PCD,civil,PD,NCP,41,F,22,,,,
53,PCD,civil,J,NCP,43,F,14,,,,
53,PCD,civil,J,NCP,50,M,17,,,,
53,PCD,civil,CP,CP,24,M,18,,,,
53,PCD,civil,PD,NCP,49,M,13,,,,
53,PCD,civil,CP,CP,36,F,13,,,,
53,PCD,civil,CP,CP,76,F,10,,,,
53,PCD,civil,CP,CP,45,M,14,,,,
53,PCD,civil,PD,NCP,54,F,20,,,,
53,PCD,civil,PP,NCP,56,M,14,,,,
53,PCD,civil,PP,NCP,53,M,13,,,,
53,PCD,civil,J,NCP,32,M,18,,,,
53,PCD,civil,J,NCP,23,F,14,,,,
53,PCD,civil,CP,CP,25,M,12,,,,
53,PCD,civil,J,NCP,61,M,14,,,,
53,PCD,civil,J,NCP,68,F,11,,,,
53,PCD,civil,J,NCP,65,M,19,,,,
53,PCD,civil,J,NCP,55,M,15,,,,
53,PCD,civil,J,NCP,42,M,22,,,,
53,PCD,civil,J,NCP,48,M,16,,,,
53,PCD,civil,J,NCP,62,M,15,,,,
53,PCD,civil,NI,NI,56,M,12,,,,
53,PCD,civil,NI,NI,61,M,15,,,,
53,PCD,civil,NI,NI,43,M,16,,,,
53,PCD,civil,NI,NI,46,F,14,,,,
53,PCD,civil,NI,NI,59,M,17,,,,
53,PCD,civil,NI,NI,35,M,13,,,,
53,PCD,civil,NI,NI,50,M,16,,,,
53,PCD,civil,NI,NI,53,M,16,,,,
53,PCD,civil,NI,NI,72,M,22,,,,
53,PCD,civil,NI,NI,55,M,12,,,,
53,PCD,civil,NI,NI,61,F,12,,,,
53,PCD,civil,NI,NI,31,M,12,,,,
53,PCD,civil,NI,NI,65,M,13,,,,
53,PCD,civil,NI,NI,22,M,16,,,,
53,PCD,civil,NI,NI,21,M,13,,,,
53,PCD,civil,NI,NI,53,M,18,,,,
53,PCD,civil,NI,NI,34,F,14,,,,
53,PCD,civil,NI,NI,59,F,12,,,,
53,PCD,civil,NI,NI,34,F,18,,,,
53,PCD,civil,NI,NI,24,M,15,,,,
53,PCD,civil,NI,NI,40,F,12,,,,
53,PCD,civil,NI,NI,59,M,22,,,,
53,PCD,civil,NI,NI,55,F,16,,,,
53,PCD,civil,NI,NI,51,M,22,,,,
53,PCD,civil,NI,NI,32,F,16,,,,
53,PCD,civil,NI,NI,41,F,16,,,,
53,PCD,civil,NI,NI,46,F,12,,,,
53,PCD,civil,NI,NI,23,M,14,,,,
31,SRU,civil,PP,NCP,42,F,17,,,,
31,SRU,civil,CP,CP,50,M,17,,,,
31,SRU,civil,CP,CP,42,M,16,,,,
31,SRU,civil,CP,CP,51,F,13,,,,
31,SRU,civil,CP,CP,39,M,14,,,,
31,SRU,civil,CP,CP,21,F,15,,,,
31,SRU,civil,PP,NCP,48,M,20,,,,
31,SRU,civil,J,NCP,51,F,12,,,,
31,SRU,civil,J,NCP,56,F,12,,,,
31,SRU,civil,CP,CP,32,M,14,,,,
31,SRU,civil,CP,CP,46,F,16,,,,
31,SRU,civil,J,NCP,44,F,12,,,,
31,SRU,civil,CP,CP,49,F,17,,,,
31,SRU,civil,PD,NCP,64,F,18,,,,
31,SRU,civil,PD,NCP,66,F,19,,,,
31,SRU,civil,CP,CP,45,F,16,,,,
31,SRU,civil,CP,CP,52,M,18,,,,
31,SRU,civil,PD,NCP,27,F,19,,,,
31,SRU,civil,J,NCP,32,F,14,,,,
31,SRU,civil,PP,NCP,28,F,18,,,,
31,SRU,civil,J,NCP,26,M,16,,,,
31,SRU,civil,J,NCP,54,F,14,,,,
31,SRU,civil,PP,NCP,37,M,16,,,,
31,SRU,civil,CP,CP,65,F,12,,,,
31,SRU,civil,PD,NCP,30,F,15,,,,
31,SRU,civil,CP,CP,28,M,17,,,,
31,SRU,civil,CP,CP,23,M,14,,,,
31,SRU,civil,CP,CP,65,M,17,,,,
31,SRU,civil,CP,CP,41,M,12,,,,
31,SRU,civil,J,NCP,55,F,14,,,,
31,SRU,civil,NI,NI,58,M,19,,,,
31,SRU,civil,NI,NI,39,M,19,,,,
31,SRU,civil,NI,NI,35,M,19,,,,
31,SRU,civil,NI,NI,48,F,12,,,,
31,SRU,civil,NI,NI,53,F,12,,,,
31,SRU,civil,NI,NI,41,M,12,,,,
31,SRU,civil,NI,NI,44,F,16,,,,
31,SRU,civil,NI,NI,60,M,16,,,,
31,SRU,civil,NI,NI,48,M,19,,,,
31,SRU,civil,NI,NI,56,F,14,,,,
31,SRU,civil,NI,NI,42,M,18,,,,
31,SRU,civil,NI,NI,47,M,18,,,,
31,SRU,civil,NI,NI,43,M,19,,,,
31,SRU,civil,NI,NI,60,F,12,,,,
31,SRU,civil,NI,NI,45,F,14,,,,
31,SRU,civil,NI,NI,57,F,18,,,,
31,SRU,civil,NI,NI,49,M,14,,,,
31,SRU,civil,NI,NI,53,M,12,,,,
31,SRU,civil,NI,NI,57,M,16,,,,
31,SRU,civil,NI,NI,70,M,12,,,,
31,SRU,civil,NI,NI,52,F,12,,,,
31,SRU,civil,NI,NI,45,M,12,,,,
31,SRU,civil,NI,NI,53,M,16,,,,
31,SRU,civil,NI,NI,67,M,16,,,,
31,SRU,civil,NI,NI,49,M,16,,,,
31,SRU,civil,NI,NI,48,F,18,,,,
31,SRU,civil,NI,NI,40,M,13,,,,
31,SRU,civil,NI,NI,47,F,12,,,,
31,SRU,civil,NI,NI,45,M,17,,,,
54,GLG,civil,J,NCP,39,M,16,,,,
54,GLG,civil,J,NCP,30,M,16,,,,
54,GLG,civil,CP,CP,57,F,14,,,,
54,GLG,civil,J,NCP,20,M,11,,,,
54,GLG,civil,J,NCP,47,F,16,,,,
54,GLG,civil,J,NCP,47,M,14,,,,
54,GLG,civil,PD,NCP,51,F,16,,,,
54,GLG,civil,J,NCP,42,M,14,,,,
54,GLG,civil,J,NCP,47,F,14,,,,
54,GLG,civil,CP,CP,41,M,19,,,,
54,GLG,civil,J,NCP,37,M,13,,,,
54,GLG,civil,J,NCP,34,F,14,,,,
54,GLG,civil,J,NCP,34,F,22,,,,
54,GLG,civil,J,NCP,63,M,13,,,,
54,GLG,civil,CP,CP,49,F,16,,,,
54,GLG,civil,CP,CP,50,M,16,,,,
54,GLG,civil,J,NCP,52,F,20,,,,
54,GLG,civil,J,NCP,43,F,18,,,,
54,GLG,civil,J,NCP,61,M,12,,,,
54,GLG,civil,J,NCP,41,F,12,,,,
54,GLG,civil,J,NCP,40,M,22,,,,
54,GLG,civil,J,NCP,47,M,16,,,,
54,GLG,civil,J,NCP,48,F,15,,,,
54,GLG,civil,J,NCP,40,M,13,,,,
54,GLG,civil,CP,CP,65,M,14,,,,
54,GLG,civil,PP,NCP,69,F,22,,,,
54,GLG,civil,PPPD,NCP,65,M,7,,,,
54,GLG,civil,J,NCP,60,M,14,,,,
54,GLG,civil,CP,CP,69,M,12,,,,
54,GLG,civil,J,NCP,62,F,12,,,,
54,GLG,civil,CP,CP,44,M,18,,,,
54,GLG,civil,PP,NCP,54,M,14,,,,
54,GLG,civil,PD,NCP,62,M,20,,,,
54,GLG,civil,PD,NCP,53,M,14,,,,
54,GLG,civil,PP,NCP,67,M,20,,,,
54,GLG,civil,CP,CP,37,M,12,,,,
54,GLG,civil,J,NCP,41,M,19,,,,
54,GLG,civil,J,NCP,45,M,12,,,,
54,GLG,civil,J,NCP,42,M,14,,,,
54,GLG,civil,CP,CP,47,M,15,,,,
54,GLG,civil,J,NCP,43,M,12,,,,
54,GLG,civil,CP,CP,34,M,17,,,,
54,GLG,civil,CP,CP,62,M,12,,,,
54,GLG,civil,J,NCP,51,M,13,,,,
54,GLG,civil,J,NCP,44,F,16,,,,
55,PCD,civil,CP,CP,61,F,13,,,,
55,PCD,civil,PD,NCP,62,F,12,,,,
55,PCD,civil,PP,NCP,41,M,19,,,,
55,PCD,civil,PD,NCP,53,F,14,,,,
55,PCD,civil,J,NCP,54,M,12,,,,
55,PCD,civil,CP,CP,38,M,16,,,,
55,PCD,civil,CP,CP,55,F,12,,,,
55,PCD,civil,J,NCP,48,F,14,,,,
55,PCD,civil,PP,NCP,54,F,14,,,,
55,PCD,civil,CP,CP,36,M,14,,,,
55,PCD,civil,PP,NCP,61,F,12,,,,
55,PCD,civil,J,NCP,57,F,16,,,,
55,PCD,civil,PPPD,NCP,56,F,20,,,,
55,PCD,civil,PD,NCP,51,F,14,,,,
55,PCD,civil,J,NCP,32,M,13,,,,
55,PCD,civil,PP,NCP,53,F,13,,,,
55,PCD,civil,CP,CP,46,F,13,,,,
55,PCD,civil,J,NCP,38,M,18,,,,
55,PCD,civil,PD,NCP,66,F,16,,,,
55,PCD,civil,J,NCP,60,F,12,,,,
55,PCD,civil,J,NCP,61,F,13,,,,
55,PCD,civil,J,NCP,48,M,16,,,,
55,PCD,civil,CP,CP,61,M,16,,,,
55,PCD,civil,J,NCP,24,F,16,,,,
55,PCD,civil,CP,CP,60,M,16,,,,
55,PCD,civil,NCP,NCP,24,F,16,,,,
55,PCD,civil,NCP,NCP,26,F,12,,,,
55,PCD,civil,NCP,NCP,52,M,20,,,,
55,PCD,civil,CP,CP,40,M,16,,,,
55,PCD,civil,NCP,NCP,41,F,16,,,,
55,PCD,civil,CP,CP,29,F,15,,,,
55,PCD,civil,CP,CP,43,F,17,,,,
55,PCD,civil,NCP,NCP,46,M,12,,,,
55,PCD,civil,NCP,NCP,50,F,13,,,,
55,PCD,civil,NCP,NCP,51,M,20,,,,
55,PCD,civil,NCP,NCP,47,M,16,,,,
55,PCD,civil,NCP,NCP,33,M,13,,,,
55,PCD,civil,NCP,NCP,50,M,17,,,,
55,PCD,civil,NCP,NCP,47,M,12,,,,
55,PCD,civil,CP,CP,69,M,14,,,,
55,PCD,civil,NCP,NCP,53,F,14,,,,
55,PCD,civil,NCP,NCP,29,F,14,,,,
55,PCD,civil,NCP,NCP,52,F,17,,,,
55,PCD,civil,NCP,NCP,53,M,12,,,,
55,PCD,civil,CP,CP,57,F,16,,,,
55,PCD,civil,NCP,NCP,56,M,12,,,,
55,PCD,civil,CP,CP,70,F,22,,,,
55,PCD,civil,NCP,NCP,36,M,22,,,,
55,PCD,civil,CP,CP,52,F,18,,,,
55,PCD,civil,NCP,NCP,60,M,11,,,,
55,PCD,civil,NCP,NCP,52,M,16,,,,
55,PCD,civil,NCP,NCP,37,F,14,,,,
55,PCD,civil,NCP,NCP,61,M,10,,,,
55,PCD,civil,NCP,NCP,28,F,14,,,,
55,PCD,civil,NCP,NCP,61,M,16,,,,
55,PCD,civil,CP,CP,47,M,12,,,,
55,PCD,civil,NCP,NCP,45,M,16,,,,
55,PCD,civil,NCP,NCP,47,F,12,,,,
55,PCD,civil,CP,CP,32,F,16,,,,
55,PCD,civil,NCP,NCP,52,F,13,,,,
55,PCD,civil,NCP,NCP,71,M,22,,,,
55,PCD,civil,NCP,NCP,50,F,16,,,,
55,PCD,civil,NCP,NCP,49,M,12,,,,
55,PCD,civil,CP,CP,64,F,12,,,,
55,PCD,civil,NCP,NCP,48,M,18,,,,
55,PCD,civil,CP,CP,39,M,18,,,,
55,PCD,civil,NCP,NCP,46,F,12,,,,
55,PCD,civil,CP,CP,58,F,13,,,,
55,PCD,civil,CP,CP,22,F,16,,,,
56,AWT,civil,CP,CP,42,M,10,,,,
56,AWT,civil,J,NCP,39,F,14,,,,
56,AWT,civil,J,NCP,45,F,12,,,,
56,AWT,civil,NI,NI,61,F,12,,,,
56,AWT,civil,NI,NI,26,M,12,,,,
56,AWT,civil,NI,NI,47,M,12,,,,
56,AWT,civil,NI,NI,57,F,14,,,,
56,AWT,civil,NI,NI,22,M,16,,,,
56,AWT,civil,NI,NI,45,M,12,,,,
56,AWT,civil,NI,NI,39,F,12,,,,
56,AWT,civil,NI,NI,62,F,18,,,,
56,AWT,civil,NI,NI,61,F,14,,,,
56,AWT,civil,NI,NI,42,M,12,,,,
56,AWT,civil,NI,NI,48,F,13,,,,
56,AWT,civil,NI,NI,67,F,13,,,,
56,AWT,civil,NI,NI,55,M,17,,,,
56,AWT,civil,NI,NI,30,M,12,,,,
56,AWT,civil,NI,NI,54,F,17,,,,
56,AWT,civil,NI,NI,46,F,12,,,,
56,AWT,civil,NI,NI,59,F,22,,,,
56,AWT,civil,NI,NI,56,F,22,,,,
56,AWT,civil,NI,NI,56,F,16,,,,
56,AWT,civil,NI,NI,23,M,17,,,,
56,AWT,civil,NI,NI,45,F,18,,,,
56,AWT,civil,NI,NI,39,M,12,,,,
56,AWT,civil,NI,NI,65,M,18,,,,
56,AWT,civil,J,NCP,37,F,12,,,,
56,AWT,civil,PD,NCP,33,F,16,,,,
56,AWT,civil,J,NCP,53,F,17,,,,
56,AWT,civil,PD,NCP,51,F,22,,,,
56,AWT,civil,PP,NCP,59,M,16,,,,
56,AWT,civil,CP,CP,26,F,17,,,,
56,AWT,civil,CP,CP,23,M,17,,,,
56,AWT,civil,CP,CP,33,F,13,,,,
56,AWT,civil,CP,CP,39,M,13,,,,
56,AWT,civil,J,NCP,45,M,17,,,,
56,AWT,civil,J,NCP,54,F,13,,,,
56,AWT,civil,PD,NCP,46,F,20,,,,
56,AWT,civil,CP,CP,39,M,16,,,,
56,AWT,civil,J,NCP,43,M,12,,,,
56,AWT,civil,PP,NCP,56,M,12,,,,
56,AWT,civil,CP,CP,27,F,16,,,,
56,AWT,civil,J,NCP,49,F,12,,,,
56,AWT,civil,CP,CP,56,M,10,,,,
56,AWT,civil,CP,CP,27,F,16,,,,
57,AWT,civil,J,NCP,48,F,16,,,,
57,AWT,civil,J,NCP,26,F,15,,,,
57,AWT,civil,J,NCP,40,M,18,,,,
57,AWT,civil,CP,CP,42,M,10,,,,
57,AWT,civil,J,NCP,52,F,22,,,,
57,AWT,civil,CP,CP,39,F,14,,,,
57,AWT,civil,PP,NCP,45,F,12,,,,
57,AWT,civil,PD,NCP,61,F,12,,,,
57,AWT,civil,J,NCP,26,M,12,,,,
57,AWT,civil,CP,CP,47,M,12,,,,
57,AWT,civil,PD,NCP,57,F,14,,,,
57,AWT,civil,CP,CP,22,M,16,,,,
57,AWT,civil,J,NCP,45,M,12,,,,
57,AWT,civil,PD,NCP,39,F,12,,,,
57,AWT,civil,PP,NCP,62,F,18,,,,
57,AWT,civil,CP,CP,61,F,14,,,,
57,AWT,civil,CP,CP,42,M,12,,,,
57,AWT,civil,CP,CP,48,F,13,,,,
57,AWT,civil,J,NCP,67,F,13,,,,
57,AWT,civil,CP,CP,55,M,17,,,,
57,AWT,civil,CP,CP,30,M,12,,,,
57,AWT,civil,PP,NCP,54,F,17,,,,
57,AWT,civil,J,NCP,46,F,12,,,,
57,AWT,civil,CP,CP,59,F,22,,,,
57,AWT,civil,CP,CP,56,F,22,,,,
57,AWT,civil,CP,CP,56,F,16,,,,
57,AWT,civil,J,NCP,23,M,17,,,,
57,AWT,civil,CP,CP,45,F,18,,,,
57,AWT,civil,CP,CP,39,M,12,,,,
57,AWT,civil,J,NCP,65,M,18,,,,
57,AWT,civil,NI,NI,37,F,12,,,,
57,AWT,civil,NI,NI,33,F,16,,,,
57,AWT,civil,NI,NI,53,F,17,,,,
57,AWT,civil,NI,NI,51,F,22,,,,
57,AWT,civil,NI,NI,59,M,16,,,,
57,AWT,civil,NI,NI,26,F,17,,,,
57,AWT,civil,NI,NI,23,M,17,,,,
57,AWT,civil,NI,NI,33,F,13,,,,
57,AWT,civil,NI,NI,39,M,13,,,,
57,AWT,civil,NI,NI,45,M,17,,,,
57,AWT,civil,NI,NI,54,F,13,,,,
57,AWT,civil,NI,NI,46,F,20,,,,
57,AWT,civil,NI,NI,39,M,16,,,,
57,AWT,civil,NI,NI,43,M,12,,,,
57,AWT,civil,NI,NI,56,M,12,,,,
57,AWT,civil,NI,NI,27,F,16,,,,
57,AWT,civil,NI,NI,49,F,12,,,,
57,AWT,civil,NI,NI,56,M,10,,,,
57,AWT,civil,NI,NI,27,F,16,,,,
58,AVC,civil,J,NCP,60,F,12,,,,
58,AVC,civil,J,NCP,25,M,14,,,,
58,AVC,civil,CP,CP,65,M,15,,,,
58,AVC,civil,PD,NCP,59,F,22,,,,
58,AVC,civil,J,NCP,57,M,17,,,,
58,AVC,civil,CP,CP,34,F,18,,,,
58,AVC,civil,CP,CP,32,F,16,,,,
58,AVC,civil,PP,NCP,53,M,14,,,,
58,AVC,civil,CP,CP,42,M,12,,,,
58,AVC,civil,CP,CP,52,F,22,,,,
58,AVC,civil,CP,CP,36,M,13,,,,
58,AVC,civil,CP,CP,35,M,13,,,,
58,AVC,civil,PP,NCP,60,M,22,,,,
58,AVC,civil,J,NCP,64,F,13,,,,
58,AVC,civil,J,NCP,69,M,12,,,,
58,AVC,civil,PD,NCP,41,M,15,,,,
58,AVC,civil,CP,CP,54,F,16,,,,
58,AVC,civil,CP,CP,45,M,18,,,,
58,AVC,civil,J,NCP,45,F,18,,,,
58,AVC,civil,J,NCP,40,F,16,,,,
58,AVC,civil,J,NCP,43,M,18,,,,
58,AVC,civil,PD,NCP,62,F,12,,,,
58,AVC,civil,PP,NCP,75,M,16,,,,
58,AVC,civil,PD,NCP,63,F,21,,,,
58,AVC,civil,J,NCP,62,M,16,,,,
58,AVC,civil,J,NCP,60,F,12,,,,
58,AVC,civil,J,NCP,61,M,17,,,,
58,AVC,civil,CP,CP,36,M,14,,,,
58,AVC,civil,J,NCP,53,F,13,,,,
58,AVC,civil,CP,CP,54,M,14,,,,
58,AVC,civil,PD,NCP,54,F,18,,,,
58,AVC,civil,PP,NCP,54,M,12,,,,
58,AVC,civil,CP,CP,23,M,14,,,,
58,AVC,civil,CP,CP,40,F,19,,,,
58,AVC,civil,CP,CP,56,F,15,,,,
58,AVC,civil,J,NCP,28,F,16,,,,
59,WIG,civil,J,NCP,42,F,18,,,,
59,WIG,civil,CP,CP,47,F,22,,,,
59,WIG,civil,CP,CP,39,M,16,,,,
59,WIG,civil,J,NCP,46,F,16,,,,
59,WIG,civil,J,NCP,49,M,18,,,,
59,WIG,civil,CP,CP,58,M,18,,,,
59,WIG,civil,J,NCP,57,M,7,,,,
59,WIG,civil,PD,NCP,44,M,17,,,,
59,WIG,civil,CP,CP,53,F,12,,,,
59,WIG,civil,PD,NCP,47,M,17,,,,
59,WIG,civil,J,NCP,56,F,11,,,,
59,WIG,civil,J,NCP,32,M,12,,,,
59,WIG,civil,J,NCP,56,M,18,,,,
59,WIG,civil,J,NCP,51,F,14,,,,
59,WIG,civil,PP,NCP,47,F,15,,,,
59,WIG,civil,CP,CP,46,F,16,,,,
59,WIG,civil,CP,CP,57,F,14,,,,
59,WIG,civil,J,NCP,35,F,18,,,,
59,WIG,civil,CP,CP,50,F,14,,,,
59,WIG,civil,PD,NCP,59,F,22,,,,
59,WIG,civil,CP,CP,51,F,11,,,,
59,WIG,civil,CP,CP,42,M,16,,,,
59,WIG,civil,J,NCP,75,M,15,,,,
59,WIG,civil,CP,CP,37,M,15,,,,
59,WIG,civil,PD,NCP,40,M,14,,,,
59,WIG,civil,J,NCP,35,M,15,,,,
59,WIG,civil,J,NCP,73,F,17,,,,
59,WIG,civil,CP,CP,58,F,16,,,,
59,WIG,civil,CP,CP,48,F,18,,,,
59,WIG,civil,J,NCP,67,F,16,,,,
59,WIG,civil,J,NCP,21,M,14,,,,
59,WIG,civil,J,NCP,49,F,17,,,,
59,WIG,civil,PP,NCP,43,F,16,,,,
59,WIG,civil,NI,NI,44,F,14,,,,
59,WIG,civil,NI,NI,62,F,12,,,,
59,WIG,civil,NI,NI,43,M,11,,,,
59,WIG,civil,NI,NI,50,M,17,,,,
59,WIG,civil,NI,NI,31,M,12,,,,
59,WIG,civil,NI,NI,34,M,12,,,,
59,WIG,civil,NI,NI,72,F,18,,,,
60,CFD,civil,PP,NCP,49,F,22,,,,
60,CFD,civil,PD,NCP,47,F,13,,,,
60,CFD,civil,PD,NCP,38,M,20,,,,
60,CFD,civil,J,NCP,56,F,12,,,,
60,CFD,civil,J,NCP,42,M,22,,,,
60,CFD,civil,CP,CP,43,M,22,,,,
60,CFD,civil,PP,NCP,56,M,13,,,,
60,CFD,civil,J,NCP,34,M,19,,,,
60,CFD,civil,CP,CP,43,M,12,,,,
60,CFD,civil,J,NCP,44,M,11,,,,
60,CFD,civil,J,NCP,45,F,12,,,,
60,CFD,civil,CP,CP,56,M,16,,,,
60,CFD,civil,PD,NCP,52,F,13,,,,
60,CFD,civil,PP,NCP,53,M,15,,,,
60,CFD,civil,J,NCP,60,F,11,,,,
60,CFD,civil,J,NCP,40,M,16,,,,
60,CFD,civil,NI,NI,48,F,12,,,,
60,CFD,civil,NI,NI,63,M,16,,,,
60,CFD,civil,NI,NI,59,M,16,,,,
60,CFD,civil,NI,NI,48,M,14,,,,
60,CFD,civil,NI,NI,60,F,10,,,,
60,CFD,civil,NI,NI,52,F,22,,,,
60,CFD,civil,NI,NI,62,M,22,,,,
60,CFD,civil,NI,NI,44,F,12,,,,
60,CFD,civil,NI,NI,26,F,12,,,,
60,CFD,civil,NI,NI,54,F,12,,,,
60,CFD,civil,NI,NI,24,M,9,,,,
60,CFD,civil,NI,NI,42,F,14,,,,
60,CFD,civil,NI,NI,43,M,9,,,,
60,CFD,civil,NI,NI,55,M,17,,,,
60,CFD,civil,NI,NI,21,F,16,,,,
60,CFD,civil,NI,NI,60,M,14,,,,
60,CFD,civil,NI,NI,47,M,18,,,,
60,CFD,civil,NI,NI,58,M,14,,,,
60,CFD,civil,NI,NI,22,F,13,,,,
60,CFD,civil,NI,NI,67,F,14,,,,
60,CFD,civil,NI,NI,50,M,22,,,,
60,CFD,civil,NI,NI,38,M,12,,,,
60,CFD,civil,NI,NI,28,M,12,,,,
60,CFD,civil,NI,NI,50,M,14,,,,
60,CFD,civil,NI,NI,62,M,12,,,,
60,CFD,civil,NI,NI,48,M,20,,,,
60,CFD,civil,NI,NI,35,F,14,,,,
60,CFD,civil,NI,NI,22,F,17,,,,
60,CFD,civil,NI,NI,51,F,14,,,,
60,CFD,civil,NI,NI,43,F,19,,,,